version,location,date,name,lat,lon,class_bins,forecast_start_date,forecast_end_date,predicted_class,prob_0,prob_1,prob_2,prob_3,measurement_date,toxicity,class,correct
v0.1.0,PSP12.28,2021-04-12,Bear Island,43.78556,-69.87415,"0,10,30,80",2021-04-18,2021-04-22,0,55.431193113327,29.496949911117554,11.48739531636238,3.5844624042511,2021-04-21,40.97413361406608,2,FALSE
v0.1.0,PSP12.34,2021-04-12,Head Beach,43.71711,-69.84999,"0,10,30,80",2021-04-18,2021-04-22,0,91.9250726699829,7.408347725868225,0.6490282714366913,0.0175470413523726,2021-04-21,0.6552262955051914,0,TRUE
v0.1.0,PSP10.33,2021-04-13,Spurwink River,43.56632,-70.27305,"0,10,30,80",2021-04-19,2021-04-23,0,80.3299367427826,14.407666027545927,4.393819719552994,0.868579465895891,2021-04-21,4.583244084421321,0,TRUE
v0.1.0,PSP10.11,2021-04-13,Ogunquit River,43.2503,-70.5954,"0,10,30,80",2021-04-19,2021-04-23,0,57.912015914917,28.180477023124695,10.690969228744509,3.21652702987194,2021-04-21,3.6761436927129343,0,TRUE
v0.1.0,PSP12.13,2021-04-14,Lumbos Hole,43.79553,-69.94557,"0,10,30,80",2021-04-20,2021-04-24,1,35.2945804595947,39.205655455589294,18.237335979938507,7.26243034005165,2021-04-20,36.5974535664541,2,FALSE
v0.1.0,PSP12.01,2021-04-14,Basin Pt.,43.73848,-70.04343,"0,10,30,80",2021-04-20,2021-04-24,0,66.6973233222961,23.046134412288666,8.104009181261063,2.15253029018641,2021-04-20,2.6434991922105997,0,TRUE
v0.1.0,PSP12.03,2021-04-14,Potts Pt.,43.73064,-70.02556,"0,10,30,80",2021-04-20,2021-04-24,0,78.326290845871,15.712499618530272,4.925299063324928,1.03591252118349,2021-04-20,4.066921834170154,0,TRUE
v0.1.0,PSP13.03,2021-04-20,Pinkham Pt.,43.79416,-69.9289,"0,10,30,80",2021-04-26,2021-04-30,0,84.8924994468689,11.66592463850975,2.568206936120987,0.873374566435814,2021-04-26,3.258006612208837,0,TRUE
v0.1.0,PSP12.13,2021-04-20,Lumbos Hole,43.79553,-69.94557,"0,10,30,80",2021-04-26,2021-04-30,1,12.2761480510235,36.55388057231903,31.023386120796204,20.1465919613838,2021-04-26,18.467419891834226,1,TRUE
v0.1.0,PSP12.03,2021-04-20,Potts Pt.,43.73064,-70.02556,"0,10,30,80",2021-04-26,2021-04-30,0,81.7407429218292,13.84037435054779,3.2772984355688095,1.14158559590578,2021-04-26,8.412115014957553,0,TRUE
v0.1.0,PSP15.25,2021-04-20,Christmas Cove Town Landing,43.84476,-69.55365,"0,10,30,80",2021-04-26,2021-04-30,0,99.7450172901154,0.19869739189743996,0.03775282530114055,0.0185199271072634,2021-04-26,2.4615704322716505,0,TRUE
v0.1.0,PSP12.13b,2021-04-20,Long Reach (Brun),43.85228,-69.92467,"0,10,30,80",2021-04-26,2021-04-30,0,98.7826406955719,0.9468583390116692,0.18927956698462367,0.0812193844467402,2021-04-26,0.569931952539416,0,TRUE
v0.1.0,PSP12.003,2021-04-20,Mitchell Field,43.778,-70.0167,"0,10,30,80",2021-04-26,2021-04-30,0,96.9797194004059,2.3472025990486145,0.4824158735573292,0.190660753287375,2021-04-26,10.53844973735142,1,FALSE
v0.1.0,PSP12.243,2021-04-20,Dingley Starboard,43.81194,-69.88472,"0,10,30,80",2021-04-26,2021-04-30,0,88.0594551563263,9.267198294401169,1.9889652729034424,0.684389239177108,2021-04-26,6.294790553218309,0,TRUE
v0.1.0,PSP16.41,2021-04-20,Port Clyde,43.92526,-69.259,"0,10,30,80",2021-04-26,2021-04-30,0,97.6725041866302,1.80450938642025,0.3709411947056651,0.152047083247453,2021-04-26,0.6838507354609955,0,TRUE
v0.1.0,PSP12.06,2021-04-20,Wills Gut,43.74995,-69.9883,"0,10,30,80",2021-04-26,2021-04-30,0,86.4226698875427,10.54055169224739,2.2683748975396156,0.768389366567135,2021-04-26,4.203230752787944,0,TRUE
v0.1.0,PSP12.01,2021-04-20,Basin Pt.,43.73848,-70.04343,"0,10,30,80",2021-04-26,2021-04-30,0,86.915504932403607,10.161548107862473,2.1819589659571648,0.740983569994569,2021-04-26,7.396030716851387,0,TRUE
v0.1.0,PSP12.15,2021-04-20,Gurnet,43.85809,-69.91333,"0,10,30,80",2021-04-26,2021-04-30,0,59.8965406417847,27.53387987613678,9.024448692798616,3.54513488709927,2021-04-26,3.3786735237721275,0,TRUE
v0.1.0,PSP12.11,2021-04-20,Ewin Narrows,43.81755,-69.95353,"0,10,30,80",2021-04-26,2021-04-30,1,31.4885675907135,39.665332436561584,19.51896101236343,9.32713374495506,2021-04-26,5.208788349148697,0,FALSE
v0.1.0,PSP10.33,2021-04-21,Spurwink River,43.56632,-70.27305,"0,10,30,80",2021-04-27,2021-05-01,0,66.5033638477325,23.627451062202457,7.151240855455399,2.7179442346096,2021-04-27,10.197502406152378,1,FALSE
v0.1.0,PSP12.34,2021-04-21,Head Beach,43.71711,-69.84999,"0,10,30,80",2021-04-27,2021-05-01,0,98.2912421226501,1.3308103196322918,0.267474795691669,0.11047899024561,2021-04-28,10.581279709880674,1,FALSE
v0.1.0,PSP12.28,2021-04-21,Bear Island,43.78556,-69.87415,"0,10,30,80",2021-04-27,2021-05-01,1,9.78730171918869,34.20715928077698,33.04515480995178,22.9603812098503,2021-04-28,33.96477734041242,2,FALSE
v0.1.0,PSP10.11,2021-04-21,Ogunquit River,43.2503,-70.5954,"0,10,30,80",2021-04-27,2021-05-01,0,85.8182430267334,11.000727117061617,2.377062290906906,0.80397417768836,2021-04-27,6.247492220452042,0,TRUE
v0.1.2,PSP12.003,2021-04-26,Mitchell Field,43.778,-70.0167,"0,10,30,80",2021-05-02,2021-05-06,0,94,5,1,0,2021-05-03,3.0028097620256333,0,TRUE
v0.1.2,PSP12.01,2021-04-26,Basin Pt.,43.73848,-70.04343,"0,10,30,80",2021-05-02,2021-05-06,0,90,8,2,0,2021-05-03,0.99501388564163,0,TRUE
v0.1.2,PSP12.03,2021-04-26,Potts Pt.,43.73064,-70.02556,"0,10,30,80",2021-05-02,2021-05-06,0,85,11,3,1,2021-05-03,4.252591667460891,0,TRUE
v0.1.2,PSP12.06,2021-04-26,Wills Gut,43.74995,-69.9883,"0,10,30,80",2021-05-02,2021-05-06,0,87,10,3,1,2021-05-03,6.0144041230068,0,TRUE
v0.1.2,PSP12.11,2021-04-26,Ewin Narrows,43.81755,-69.95353,"0,10,30,80",2021-05-02,2021-05-06,0,87,10,2,1,2021-05-03,2.594143344708535,0,TRUE
v0.1.2,PSP12.13,2021-04-26,Lumbos Hole,43.79553,-69.94557,"0,10,30,80",2021-05-02,2021-05-06,2,20,30,31,20,2021-05-03,38.823449051102635,2,TRUE
v0.1.2,PSP12.13b,2021-04-26,Long Reach (Brun),43.85228,-69.92467,"0,10,30,80",2021-05-02,2021-05-06,0,96,3,0,0,2021-05-03,0.8477737794023814,0,TRUE
v0.1.2,PSP12.15,2021-04-26,Gurnet,43.85809,-69.91333,"0,10,30,80",2021-05-02,2021-05-06,0,89,9,2,1,2021-05-03,5.794467089459754,0,TRUE
v0.1.2,PSP12.243,2021-04-26,Dingley Starboard,43.81194,-69.88472,"0,10,30,80",2021-05-02,2021-05-06,0,69,20,8,3,2021-05-03,8.215835231633138,0,TRUE
v0.1.2,PSP13.03,2021-04-26,Pinkham Pt.,43.79416,-69.9289,"0,10,30,80",2021-05-02,2021-05-06,0,89,9,2,1,2021-05-03,9.92760640354017,0,TRUE
v0.1.2,PSP15.25,2021-04-26,Christmas Cove Town Landing,43.84476,-69.55365,"0,10,30,80",2021-05-02,2021-05-06,0,99,1,0,0,2021-05-03,0,0,TRUE
v0.1.2,PSP16.41,2021-04-26,Port Clyde,43.92526,-69.259,"0,10,30,80",2021-05-02,2021-05-06,0,96,4,0,0,2021-05-04,0,0,TRUE
v0.1.2,PSP26.07,2021-04-26,Cutler Hbr.,44.65701,-67.20525,"0,10,30,80",2021-05-02,2021-05-06,0,99,1,0,0,2021-05-03,0,0,TRUE
v0.1.2,PSP26.15,2021-04-26,Lubec Channel,44.85891,-66.98028,"0,10,30,80",2021-05-02,2021-05-06,0,95,4,0,0,2021-05-03,0.42517819175415233,0,TRUE
v0.1.2,PSP27.05,2021-04-26,Gove Pt.,44.90545,-67.05621,"0,10,30,80",2021-05-02,2021-05-06,0,97,3,0,0,2021-05-03,0.303038493812354,0,TRUE
v0.1.2,PSP27.46,2021-04-26,Gleason Cove,44.97084,-67.05254,"0,10,30,80",2021-05-02,2021-05-06,0,95,4,0,0,2021-05-03,0.8199865126687224,0,TRUE
v0.1.2,PSP10.11,2021-04-27,Ogunquit River,43.2503,-70.5954,"0,10,30,80",2021-05-03,2021-05-07,0,90,8,2,0,2021-05-03,2.2497021268043684,0,TRUE
v0.1.2,PSP10.33,2021-04-27,Spurwink River,43.56632,-70.27305,"0,10,30,80",2021-05-03,2021-05-07,0,88,9,2,1,2021-05-04,3.1092273377365367,0,TRUE
v0.1.2,PSP23.07,2021-04-27,Corea Hbr.,44.39319,-67.97628,"0,10,30,80",2021-05-03,2021-05-07,0,99,1,0,0,2021-05-04,0,0,TRUE
v0.1.2,PSP24.08,2021-04-27,Ripley Pt.,44.52198,-67.79233,"0,10,30,80",2021-05-03,2021-05-07,0,99,1,0,0,2021-05-04,0,0,TRUE
v0.1.2,PSP25.06,2021-04-27,Kelley Pt.,44.53205,-67.5655,"0,10,30,80",2021-05-03,2021-05-07,0,98,2,0,0,2021-05-04,0,0,TRUE
v0.1.2,PSP19.15,2021-04-28,Stonington,44.15419,-68.65947,"0,10,30,80",2021-05-04,2021-05-08,0,99,1,0,0,2021-05-05,0,0,TRUE
v0.1.2,PSP21.09,2021-04-28,Bass Hbr.,44.23824,-68.34792,"0,10,30,80",2021-05-04,2021-05-08,0,99,1,0,0,2021-05-05,0,0,TRUE
v0.1.2,PSP12.28,2021-04-28,Bear Island,43.78556,-69.87415,"0,10,30,80",2021-05-02,2021-05-08,2,5,37,42,16,2021-05-03,51.35818620943736,2,TRUE
v0.1.2,PSP12.34,2021-04-28,Head Beach,43.71711,-69.84999,"0,10,30,80",2021-05-02,2021-05-08,0,99,1,0,0,2021-05-03,1.0347187666552142,0,TRUE
v0.1.3,PSP10.11,2021-05-03,Ogunquit River,43.2503,-70.5954,"0,10,30,80",2021-05-07,2021-05-13,0,73.8,19.4,5.2,1.6,2021-05-12,1.5447409881992062,0,TRUE
v0.1.3,PSP11.110,2021-05-03,CAS BA2 Bangs island,43.728,-70.095,"0,10,30,80",2021-05-07,2021-05-13,0,54.6,31.6,10.8,3.2,2021-05-10,3.3473390515758537,0,TRUE
v0.1.3,PSP11.117,2021-05-03,NA,NA,NA,"0,10,30,80",2021-05-07,2021-05-13,0,73.4,19.6,5.4,1.6,2021-05-10,4.533961889965178,0,TRUE
v0.1.3,PSP12.003,2021-05-03,Mitchell Field,43.778,-70.0167,"0,10,30,80",2021-05-07,2021-05-13,0,65.6,23.2,8.2,2.6,2021-05-10,1.441908650296691,0,TRUE
v0.1.3,PSP12.01,2021-05-03,Basin Pt.,43.73848,-70.04343,"0,10,30,80",2021-05-07,2021-05-13,0,85,12,2.4,0.8,2021-05-10,1.1831045335767718,0,TRUE
v0.1.3,PSP12.03,2021-05-03,Potts Pt.,43.73064,-70.02556,"0,10,30,80",2021-05-07,2021-05-13,0,68.6,22,6.6,2,2021-05-10,1.9964889004108024,0,TRUE
v0.1.3,PSP12.06,2021-05-03,Wills Gut,43.74995,-69.9883,"0,10,30,80",2021-05-07,2021-05-13,0,65,25.2,7.4,2.2,2021-05-10,5.065166284375554,0,TRUE
v0.1.3,PSP12.11,2021-05-03,Ewin Narrows,43.81755,-69.95353,"0,10,30,80",2021-05-07,2021-05-13,0,87.8,10.2,1.4,0.4,2021-05-10,2.3662090671535436,0,TRUE
v0.1.3,PSP12.13,2021-05-03,Lumbos Hole,43.79553,-69.94557,"0,10,30,80",2021-05-07,2021-05-13,1,20.8,32.6,29.6,17.6,2021-05-10,14.23007649935659,1,TRUE
v0.1.3,PSP12.13b,2021-05-03,Long Reach (Brun),43.85228,-69.92467,"0,10,30,80",2021-05-07,2021-05-13,0,94,5.4,0.4,0,2021-05-10,1.4192727217206047,0,TRUE
v0.1.3,PSP12.15,2021-05-03,Gurnet,43.85809,-69.91333,"0,10,30,80",2021-05-07,2021-05-13,0,88.2,9.4,1.8,0.6,2021-05-10,8.366239201721458,0,TRUE
v0.1.3,PSP12.243,2021-05-03,Dingley Starboard,43.81194,-69.88472,"0,10,30,80",2021-05-07,2021-05-13,0,65.4,25,7,2.2,2021-05-10,6.592148299570703,0,TRUE
v0.1.3,PSP12.28,2021-05-03,Bear Island,43.78556,-69.87415,"0,10,30,80",2021-05-07,2021-05-13,3,1.4,12.8,34.6,51,2021-05-11,101.6500135858446,3,TRUE
v0.1.3,PSP12.34,2021-05-03,Head Beach,43.71711,-69.84999,"0,10,30,80",2021-05-07,2021-05-13,0,87.2,10.8,1.8,0.4,2021-05-11,1.0457799002151822,0,TRUE
v0.1.3,PSP13.03,2021-05-03,Pinkham Pt.,43.79416,-69.9289,"0,10,30,80",2021-05-07,2021-05-13,0,48,34,13.6,4.6,2021-05-10,11.242133927313212,1,FALSE
v0.1.3,PSP15.25,2021-05-03,Christmas Cove Town Landing,43.84476,-69.55365,"0,10,30,80",2021-05-07,2021-05-13,0,94.2,5,0.2,0,2021-05-11,0,0,TRUE
v0.1.3,PSP26.07,2021-05-03,Cutler Hbr.,44.65701,-67.20525,"0,10,30,80",2021-05-07,2021-05-13,0,98.2,1.4,0,0,2021-05-10,0,0,TRUE
v0.1.3,PSP26.15,2021-05-03,Lubec Channel,44.85891,-66.98028,"0,10,30,80",2021-05-07,2021-05-13,0,96.2,3.8,0,0,2021-05-10,0.8433962900078765,0,TRUE
v0.1.3,PSP27.05,2021-05-03,Gove Pt.,44.90545,-67.05621,"0,10,30,80",2021-05-07,2021-05-13,0,97,3,0,0,2021-05-10,0.793784743536825,0,TRUE
v0.1.3,PSP27.46,2021-05-03,Gleason Cove,44.97084,-67.05254,"0,10,30,80",2021-05-07,2021-05-13,0,94,5.4,0.4,0,2021-05-11,0,0,TRUE
v0.1.3,PSP10.33,2021-05-04,Spurwink River,43.56632,-70.27305,"0,10,30,80",2021-05-08,2021-05-14,0,63.2,25,8.8,3.2,2021-05-12,2.0095378474723113,0,TRUE
v0.1.3,PSP16.41,2021-05-04,Port Clyde,43.92526,-69.259,"0,10,30,80",2021-05-08,2021-05-14,0,98.2,1.8,0,0,2021-05-11,1.8674641075271112,0,TRUE
v0.1.3,PSP23.07,2021-05-04,Corea Hbr.,44.39319,-67.97628,"0,10,30,80",2021-05-08,2021-05-14,0,98.2,1.4,0,0,2021-05-11,0,0,TRUE
v0.1.3,PSP24.08,2021-05-04,Ripley Pt.,44.52198,-67.79233,"0,10,30,80",2021-05-08,2021-05-14,0,98.2,1.4,0,0,2021-05-11,0,0,TRUE
v0.1.3,PSP25.06,2021-05-04,Kelley Pt.,44.53205,-67.5655,"0,10,30,80",2021-05-08,2021-05-14,0,98.2,1.4,0,0,2021-05-11,0,0,TRUE
v0.1.3,PSP19.15,2021-05-05,Stonington,44.15419,-68.65947,"0,10,30,80",2021-05-09,2021-05-15,0,98.2,1.4,0,0,2021-05-12,0,0,TRUE
v0.1.3,PSP21.09,2021-05-05,Bass Hbr.,44.23824,-68.34792,"0,10,30,80",2021-05-09,2021-05-15,0,98.2,1.4,0,0,2021-05-12,0,0,TRUE
v0.1.3,PSP11.110,2021-05-10,CAS BA2 Bangs island,43.728,-70.095,"0,10,30,80",2021-05-14,2021-05-20,0,86,10,3,1,2021-05-17,2.1637433929516523,0,TRUE
v0.1.3,PSP11.117,2021-05-10,CAS CF3,40.7119,-70.18787,"0,10,30,80",2021-05-14,2021-05-20,0,81,13,4,1,2021-05-17,1.583226872891453,0,TRUE
v0.1.3,PSP12.003,2021-05-10,Mitchell Field,43.778,-70.0167,"0,10,30,80",2021-05-14,2021-05-20,0,91,7,1,0,2021-05-17,1.1471500897635127,0,TRUE
v0.1.3,PSP12.01,2021-05-10,Basin Pt.,43.73848,-70.04343,"0,10,30,80",2021-05-14,2021-05-20,0,93,6,1,0,2021-05-17,0.4944612455877211,0,TRUE
v0.1.3,PSP12.03,2021-05-10,Potts Pt.,43.73064,-70.02556,"0,10,30,80",2021-05-14,2021-05-20,0,82,13,4,1,2021-05-17,1.5427190862336897,0,TRUE
v0.1.3,PSP12.06,2021-05-10,Wills Gut,43.74995,-69.9883,"0,10,30,80",2021-05-14,2021-05-20,0,45,31,17,7,2021-05-17,2.1245883197511115,0,TRUE
v0.1.3,PSP12.11,2021-05-10,Ewin Narrows,43.81755,-69.95353,"0,10,30,80",2021-05-14,2021-05-20,0,86,10,3,1,2021-05-17,1.127371639940004,0,TRUE
v0.1.3,PSP12.13,2021-05-10,Lumbos Hole,43.79553,-69.94557,"0,10,30,80",2021-05-14,2021-05-20,2,19,31,32,18,2021-05-17,10.077731832175935,1,FALSE
v0.1.3,PSP12.13b,2021-05-10,Long Reach (Brun),43.85228,-69.92467,"0,10,30,80",2021-05-14,2021-05-20,0,91,7,1,0,2021-05-18,1.8393958335863223,0,TRUE
v0.1.3,PSP12.15,2021-05-10,Gurnet,43.85809,-69.91333,"0,10,30,80",2021-05-14,2021-05-20,1,27,36,26,10,2021-05-17,50.72833287329395,2,FALSE
v0.1.3,PSP12.243,2021-05-10,Dingley Starboard,43.81194,-69.88472,"0,10,30,80",2021-05-14,2021-05-20,1,31,36,24,9,2021-05-17,7.927861970923126,0,FALSE
v0.1.3,PSP13.03,2021-05-10,Pinkham Pt.,43.79416,-69.9289,"0,10,30,80",2021-05-14,2021-05-20,1,23,36,29,12,2021-05-17,11.692665229287424,1,TRUE
v0.1.3,PSP14.17,2021-05-10,Sawyer Is.,43.86782,-69.67739,"0,10,30,80",2021-05-14,2021-05-20,0,98,2,0,0,2021-05-18,0,0,TRUE
v0.1.3,PSP14.2,2021-05-10,Pratts Island,43.81457,-69.6815,"0,10,30,80",2021-05-14,2021-05-20,0,98,2,0,0,2021-05-18,0,0,TRUE
v0.1.3,PSP14.21,2021-05-10,Newagen,43.78639,-69.65778,"0,10,30,80",2021-05-14,2021-05-20,0,98,2,0,0,2021-05-18,0,0,TRUE
v0.1.3,PSP14.35,2021-05-10,Ocean Point,43.8138,-69.59961,"0,10,30,80",2021-05-14,2021-05-20,0,98,2,0,0,2021-05-18,0.5694141606249375,0,TRUE
v0.1.3,PSP26.07,2021-05-10,Cutler Hbr.,44.65701,-67.20525,"0,10,30,80",2021-05-14,2021-05-20,0,98,2,0,0,2021-05-17,0,0,TRUE
v0.1.3,PSP26.15,2021-05-10,Lubec Channel,44.85891,-66.98028,"0,10,30,80",2021-05-14,2021-05-20,0,95,5,1,0,2021-05-17,1.0825482891565492,0,TRUE
v0.1.3,PSP27.05,2021-05-10,Gove Pt.,44.90545,-67.05621,"0,10,30,80",2021-05-14,2021-05-20,0,95,4,0,0,2021-05-17,0.8443876655421083,0,TRUE
v0.1.3,PSP12.002,2021-05-11,Sabino,43.857,-69.868,"0,10,30,80",2021-05-15,2021-05-21,0,80,15,4,1,2021-05-16,16.608936001302737,1,FALSE
v0.1.3,PSP12.21,2021-05-11,Fort St. George,43.75373,-69.78983,"0,10,30,80",2021-05-15,2021-05-21,0,98,2,0,0,2021-05-16,0,0,TRUE
v0.1.3,PSP12.28,2021-05-11,Bear Island,43.78556,-69.87415,"0,10,30,80",2021-05-15,2021-05-21,3,0,2,21,77,2021-05-16,104.48029900987144,3,TRUE
v0.1.3,PSP12.3,2021-05-11,Sebasco,43.7637,-69.8616,"0,10,30,80",2021-05-15,2021-05-21,1,34,38,21,7,2021-05-16,12.828092862319938,1,TRUE
v0.1.3,PSP12.34,2021-05-11,Head Beach,43.71711,-69.84999,"0,10,30,80",2021-05-15,2021-05-21,0,93,5,1,0,2021-05-16,1.8470980183733616,0,TRUE
v0.1.3,PSP14.01,2021-05-11,Bay Pt.,43.75479,-69.77623,"0,10,30,80",2021-05-15,2021-05-21,0,98,2,0,0,2021-05-19,0,0,TRUE
v0.1.3,PSP14.02,2021-05-11,Indian Pt.,43.75329,-69.75399,"0,10,30,80",2021-05-15,2021-05-21,0,98,2,0,0,2021-05-19,0,0,TRUE
v0.1.3,PSP14.05,2021-05-11,Griffith Head,43.784,-69.722,"0,10,30,80",2021-05-15,2021-05-21,0,98,2,0,0,2021-05-19,0,0,TRUE
v0.1.3,PSP14.08,2021-05-11,Five Islands,43.824,-69.709,"0,10,30,80",2021-05-15,2021-05-21,0,98,2,0,0,2021-05-19,0,0,TRUE
v0.1.3,PSP15.2,2021-05-11,Graveyard Pt.,43.8782,-69.52402,"0,10,30,80",2021-05-15,2021-05-21,0,96,4,0,0,2021-05-18,0.5483247472684583,0,TRUE
v0.1.3,PSP15.24,2021-05-11,Round Pond,43.94133,-69.45337,"0,10,30,80",2021-05-15,2021-05-21,0,98,2,0,0,2021-05-18,0,0,TRUE
v0.1.3,PSP15.25,2021-05-11,Christmas Cove Town Landing,43.84476,-69.55365,"0,10,30,80",2021-05-15,2021-05-21,0,98,2,0,0,2021-05-18,0,0,TRUE
v0.1.3,PSP16.41,2021-05-11,Port Clyde,43.92526,-69.259,"0,10,30,80",2021-05-15,2021-05-21,0,87,10,2,1,2021-05-18,0.9912024277545208,0,TRUE
v0.1.3,PSP23.07,2021-05-11,Corea Hbr.,44.39319,-67.97628,"0,10,30,80",2021-05-15,2021-05-21,0,98,2,0,0,2021-05-18,0,0,TRUE
v0.1.3,PSP24.08,2021-05-11,Ripley Pt.,44.52198,-67.79233,"0,10,30,80",2021-05-15,2021-05-21,0,98,2,0,0,2021-05-18,0,0,TRUE
v0.1.3,PSP25.06,2021-05-11,Kelley Pt.,44.53205,-67.5655,"0,10,30,80",2021-05-15,2021-05-21,0,98,2,0,0,2021-05-18,0,0,TRUE
v0.1.3,PSP27.46,2021-05-11,Gleason Cove,44.97084,-67.05254,"0,10,30,80",2021-05-15,2021-05-21,0,98,2,0,0,2021-05-17,1.9485869204817885,0,TRUE
v0.1.3,PSP10.02,2021-05-12,Great Cove Marina,43.09612,-70.76781,"0,10,30,80",2021-05-16,2021-05-22,0,98,2,0,0,2021-05-17,0,0,TRUE
v0.1.3,PSP10.07,2021-05-12,York River,43.12727,-70.64426,"0,10,30,80",2021-05-16,2021-05-22,0,92,6,1,0,2021-05-17,1.2952259176457117,0,TRUE
v0.1.3,PSP10.11,2021-05-12,Ogunquit River,43.2503,-70.5954,"0,10,30,80",2021-05-16,2021-05-22,0,91,7,1,0,2021-05-17,1.4463356080377117,0,TRUE
v0.1.3,PSP10.145,2021-05-12,Webhannet River,43.320514,-70.564503,"0,10,30,80",2021-05-16,2021-05-22,0,70,20,8,3,2021-05-17,1.5817060017359377,0,TRUE
v0.1.3,PSP10.2,2021-05-12,Cape Porpoise,43.36592,-70.43032,"0,10,30,80",2021-05-16,2021-05-22,0,96,4,0,0,2021-05-17,1.0544706678239584,0,TRUE
v0.1.3,PSP10.25,2021-05-12,Biddeford Pool,43.44652,-70.35614,"0,10,30,80",2021-05-16,2021-05-22,0,95,4,0,0,2021-05-17,0,0,TRUE
v0.1.3,PSP10.29,2021-05-12,Pine Point,43.54459,-70.33231,"0,10,30,80",2021-05-16,2021-05-22,0,93,6,1,0,2021-05-17,0.8459009050860903,0,TRUE
v0.1.3,PSP10.33,2021-05-12,Spurwink River,43.56632,-70.27305,"0,10,30,80",2021-05-16,2021-05-22,0,89,9,2,1,2021-05-17,1.475408555382716,0,TRUE
v0.1.3,PSP11.1,2021-05-12,Littlejohns Bridge,43.75511,-70.1354,"0,10,30,80",2021-05-16,2021-05-22,0,87,10,3,1,2021-05-17,1.396720099095638,0,TRUE
v0.1.3,PSP11.17,2021-05-12,Flying Pt,43.8097,-70.06895,"0,10,30,80",2021-05-16,2021-05-22,0,98,2,0,0,2021-05-17,0,0,TRUE
v0.1.3,PSP19.15,2021-05-12,Stonington,44.15419,-68.65947,"0,10,30,80",2021-05-16,2021-05-22,0,98,2,0,0,2021-05-19,0,0,TRUE
v0.1.3,PSP21.09,2021-05-12,Bass Hbr.,44.23824,-68.34792,"0,10,30,80",2021-05-16,2021-05-22,0,98,2,0,0,2021-05-19,0,0,TRUE
v0.1.3,PSP12.002,2021-05-16,Sabino,43.857,-69.868,"0,10,30,80",2021-05-20,2021-05-26,2,21,27,32,20,2021-05-23,11.062300391364792,1,FALSE
v0.1.3,PSP12.21,2021-05-16,Fort St. George,43.75373,-69.78983,"0,10,30,80",2021-05-20,2021-05-26,0,98,2,0,0,2021-05-23,0,0,TRUE
v0.1.3,PSP12.28,2021-05-16,Bear Island,43.78556,-69.87415,"0,10,30,80",2021-05-20,2021-05-26,3,1,8,34,56,2021-05-23,39.38588986624866,2,FALSE
v0.1.3,PSP12.3,2021-05-16,Sebasco,43.7637,-69.8616,"0,10,30,80",2021-05-20,2021-05-26,0,39,36,18,6,2021-05-23,21.086848393267115,1,FALSE
v0.1.3,PSP12.34,2021-05-16,Head Beach,43.71711,-69.84999,"0,10,30,80",2021-05-20,2021-05-26,0,87,11,2,1,2021-05-23,21.70612479249492,1,FALSE
v0.1.3,PSP10.02,2021-05-17,Great Cove Marina,43.09612,-70.76781,"0,10,30,80",2021-05-21,2021-05-27,0,98,2,0,0,2021-05-24,0,0,TRUE
v0.1.3,PSP10.07,2021-05-17,York River,43.12727,-70.64426,"0,10,30,80",2021-05-21,2021-05-27,0,91,8,1,0,2021-05-24,0,0,TRUE
v0.1.3,PSP10.11,2021-05-17,Ogunquit River,43.2503,-70.5954,"0,10,30,80",2021-05-21,2021-05-27,0,90,8,1,0,2021-05-24,0,0,TRUE
v0.1.3,PSP10.145,2021-05-17,Webhannet River,43.320514,-70.564503,"0,10,30,80",2021-05-21,2021-05-27,0,90,8,1,0,2021-05-24,0.6282505295983077,0,TRUE
v0.1.3,PSP10.2,2021-05-17,Cape Porpoise,43.36592,-70.43032,"0,10,30,80",2021-05-21,2021-05-27,0,93,7,0,0,2021-05-24,0,0,TRUE
v0.1.3,PSP10.25,2021-05-17,Biddeford Pool,43.44652,-70.35614,"0,10,30,80",2021-05-21,2021-05-27,0,98,2,0,0,2021-05-24,0,0,TRUE
v0.1.3,PSP10.29,2021-05-17,Pine Point,43.54459,-70.33231,"0,10,30,80",2021-05-21,2021-05-27,0,94,6,0,0,2021-05-25,0,0,TRUE
v0.1.3,PSP10.33,2021-05-17,Spurwink River,43.56632,-70.27305,"0,10,30,80",2021-05-21,2021-05-27,0,90,8,1,0,2021-05-25,0,0,TRUE
v0.1.3,PSP11.1,2021-05-17,Littlejohns Bridge,43.75511,-70.1354,"0,10,30,80",2021-05-21,2021-05-27,0,91,8,1,0,2021-05-25,0.8795507414376308,0,TRUE
v0.1.3,PSP11.110,2021-05-17,CAS BA2 Bangs island,43.728,-70.095,"0,10,30,80",2021-05-21,2021-05-27,0,88,10,2,1,2021-05-24,1.0542212404780968,0,TRUE
v0.1.3,PSP11.117,2021-05-17,NA,NA,NA,"0,10,30,80",2021-05-21,2021-05-27,0,91,8,1,0,2021-05-24,1.6631248879956182,0,TRUE
v0.1.3,PSP11.17,2021-05-17,Flying Pt,43.8097,-70.06895,"0,10,30,80",2021-05-21,2021-05-27,0,98,2,0,0,2021-05-25,0,0,TRUE
v0.1.3,PSP12.003,2021-05-17,Mitchell Field,43.778,-70.0167,"0,10,30,80",2021-05-21,2021-05-27,0,92,7,1,0,2021-05-24,0.7667063567113431,0,TRUE
v0.1.3,PSP12.01,2021-05-17,Basin Pt.,43.73848,-70.04343,"0,10,30,80",2021-05-21,2021-05-27,0,96,4,0,0,2021-05-24,0.5989893411807368,0,TRUE
v0.1.3,PSP12.03,2021-05-17,Potts Pt.,43.73064,-70.02556,"0,10,30,80",2021-05-21,2021-05-27,0,90,8,1,0,2021-05-24,8.060481371391585,0,TRUE
v0.1.3,PSP12.06,2021-05-17,Wills Gut,43.74995,-69.9883,"0,10,30,80",2021-05-21,2021-05-27,0,90,9,1,0,2021-05-24,1.0542212404780968,0,TRUE
v0.1.3,PSP12.11,2021-05-17,Ewin Narrows,43.81755,-69.95353,"0,10,30,80",2021-05-21,2021-05-27,0,92,7,1,0,2021-05-24,0,0,TRUE
v0.1.3,PSP12.13,2021-05-17,Lumbos Hole,43.79553,-69.94557,"0,10,30,80",2021-05-21,2021-05-27,0,53,29,13,4,2021-05-24,2.683472248489701,0,TRUE
v0.1.3,PSP12.15,2021-05-17,Gurnet,43.85809,-69.91333,"0,10,30,80",2021-05-21,2021-05-27,3,11,15,34,40,2021-05-24,48.938491859896864,2,FALSE
v0.1.3,PSP12.243,2021-05-17,Dingley Starboard,43.81194,-69.88472,"0,10,30,80",2021-05-21,2021-05-27,0,52,30,14,5,2021-05-24,23.969447295280833,1,FALSE
v0.1.3,PSP13.03,2021-05-17,Pinkham Pt.,43.79416,-69.9289,"0,10,30,80",2021-05-21,2021-05-27,0,39,33,20,8,2021-05-24,6.924647260927209,0,TRUE
v0.1.3,PSP26.07,2021-05-17,Cutler Hbr.,44.65701,-67.20525,"0,10,30,80",2021-05-21,2021-05-27,0,98,2,0,0,2021-05-24,0,0,TRUE
v0.1.3,PSP26.15,2021-05-17,Lubec Channel,44.85891,-66.98028,"0,10,30,80",2021-05-21,2021-05-27,0,92,7,1,0,2021-05-24,0.39271496859462984,0,TRUE
v0.1.3,PSP27.05,2021-05-17,Gove Pt.,44.90545,-67.05621,"0,10,30,80",2021-05-21,2021-05-27,0,94,6,0,0,2021-05-24,0,0,TRUE
v0.1.3,PSP27.46,2021-05-17,Gleason Cove,44.97084,-67.05254,"0,10,30,80",2021-05-21,2021-05-27,0,81,15,3,1,2021-05-24,1.2953445059190916,0,TRUE
v0.1.3,PSP12.13b,2021-05-18,Long Reach (Brun),43.85228,-69.92467,"0,10,30,80",2021-05-22,2021-05-28,0,88,10,2,1,2021-05-24,2.7980689309140456,0,TRUE
v0.1.3,PSP14.17,2021-05-18,Sawyer Is.,43.86782,-69.67739,"0,10,30,80",2021-05-22,2021-05-28,0,98,2,0,0,2021-05-26,0,0,TRUE
v0.1.3,PSP14.2,2021-05-18,Pratts Island,43.81457,-69.6815,"0,10,30,80",2021-05-22,2021-05-28,0,98,2,0,0,2021-05-26,0,0,TRUE
v0.1.3,PSP14.21,2021-05-18,Newagen,43.78639,-69.65778,"0,10,30,80",2021-05-22,2021-05-28,0,98,2,0,0,2021-05-26,0,0,TRUE
v0.1.3,PSP14.35,2021-05-18,Ocean Point,43.8138,-69.59961,"0,10,30,80",2021-05-22,2021-05-28,0,96,4,0,0,2021-05-26,0,0,TRUE
v0.1.3,PSP15.2,2021-05-18,Graveyard Pt.,43.8782,-69.52402,"0,10,30,80",2021-05-22,2021-05-28,0,95,4,0,0,2021-05-26,0,0,TRUE
v0.1.3,PSP15.24,2021-05-18,Round Pond,43.94133,-69.45337,"0,10,30,80",2021-05-22,2021-05-28,0,98,2,0,0,2021-05-26,0,0,TRUE
v0.1.3,PSP15.25,2021-05-18,Christmas Cove Town Landing,43.84476,-69.55365,"0,10,30,80",2021-05-22,2021-05-28,0,98,2,0,0,2021-05-26,0,0,TRUE
v0.1.3,PSP16.41,2021-05-18,Port Clyde,43.92526,-69.259,"0,10,30,80",2021-05-22,2021-05-28,0,93,6,0,0,2021-05-26,0,0,TRUE
v0.1.3,PSP23.07,2021-05-18,Corea Hbr.,44.39319,-67.97628,"0,10,30,80",2021-05-22,2021-05-28,0,98,2,0,0,2021-05-26,0,0,TRUE
v0.1.3,PSP24.08,2021-05-18,Ripley Pt.,44.52198,-67.79233,"0,10,30,80",2021-05-22,2021-05-28,0,98,2,0,0,2021-05-26,0,0,TRUE
v0.1.3,PSP25.06,2021-05-18,Kelley Pt.,44.53205,-67.5655,"0,10,30,80",2021-05-22,2021-05-28,0,98,2,0,0,2021-05-26,0,0,TRUE
v0.1.3,PSP14.01,2021-05-19,Bay Pt.,43.75479,-69.77623,"0,10,30,80",2021-05-23,2021-05-29,0,98,2,0,0,2021-05-25,0,0,TRUE
v0.1.3,PSP14.02,2021-05-19,Indian Pt.,43.75329,-69.75399,"0,10,30,80",2021-05-23,2021-05-29,0,98,2,0,0,2021-05-25,0,0,TRUE
v0.1.3,PSP14.05,2021-05-19,Griffith Head,43.784,-69.722,"0,10,30,80",2021-05-23,2021-05-29,0,98,2,0,0,2021-05-25,0,0,TRUE
v0.1.3,PSP14.08,2021-05-19,Five Islands,43.824,-69.709,"0,10,30,80",2021-05-23,2021-05-29,0,98,2,0,0,2021-05-25,0,0,TRUE
v0.1.3,PSP19.15,2021-05-19,Stonington,44.15419,-68.65947,"0,10,30,80",2021-05-23,2021-05-29,0,98,2,0,0,2021-05-25,0.6820838928222519,0,TRUE
v0.1.3,PSP21.09,2021-05-19,Bass Hbr.,44.23824,-68.34792,"0,10,30,80",2021-05-23,2021-05-29,0,98,2,0,0,2021-05-25,0,0,TRUE
v0.1.4,PSP19.12,2021-05-25,IAH Town Dock,44.0737,-68.64,"0,10,30,80",2021-05-29,2021-06-04,0,78,20,2,1,2021-06-01,0,0,TRUE
v0.1.4,PSP23.07,2021-05-26,Corea Hbr.,44.39319,-67.97628,"0,10,30,80",2021-05-30,2021-06-05,0,78,20,2,1,2021-06-02,0,0,TRUE
v0.1.4,PSP11.1,2021-05-25,Littlejohns Bridge,43.75511,-70.1354,"0,10,30,80",2021-05-29,2021-06-04,0,64,26,7,3,2021-06-01,0.7194106736060806,0,TRUE
v0.1.4,PSP26.07,2021-05-24,Cutler Hbr.,44.65701,-67.20525,"0,10,30,80",2021-05-28,2021-06-03,0,78,20,2,1,2021-05-31,0,0,TRUE
v0.1.4,PSP14.05,2021-05-25,Griffith Head,43.784,-69.722,"0,10,30,80",2021-05-29,2021-06-04,0,78,20,2,1,2021-06-01,0,0,TRUE
v0.1.4,PSP12.11,2021-05-24,Ewin Narrows,43.81755,-69.95353,"0,10,30,80",2021-05-28,2021-06-03,0,75,22,2,1,2021-05-31,0,0,TRUE
v0.1.4,PSP12.13,2021-05-24,Lumbos Hole,43.79553,-69.94557,"0,10,30,80",2021-05-28,2021-06-03,1,37,45,15,3,2021-05-31,1.7313695904070758,0,FALSE
v0.1.4,PSP19.15,2021-05-25,Stonington,44.15419,-68.65947,"0,10,30,80",2021-05-29,2021-06-04,0,69,25,4,2,2021-06-01,0,0,TRUE
v0.1.4,PSP10.11,2021-05-24,Ogunquit River,43.2503,-70.5954,"0,10,30,80",2021-05-28,2021-06-03,0,75,22,2,1,2021-06-01,0,0,TRUE
v0.1.4,PSP15.2,2021-05-26,Graveyard Pt.,43.8782,-69.52402,"0,10,30,80",2021-05-30,2021-06-05,0,76,21,2,1,2021-06-02,0,0,TRUE
v0.1.4,PSP12.21,2021-05-23,Fort St. George,43.75373,-69.78983,"0,10,30,80",2021-05-27,2021-06-02,0,78,20,2,1,2021-05-30,0,0,TRUE
v0.1.4,PSP14.21,2021-05-26,Newagen,43.78639,-69.65778,"0,10,30,80",2021-05-30,2021-06-05,0,78,20,2,1,2021-06-01,0,0,TRUE
v0.1.4,PSP11.117,2021-05-24,NA,NA,NA,"0,10,30,80",2021-05-28,2021-06-03,0,55,30,10,4,2021-05-31,0.9145448157286592,0,TRUE
v0.1.4,PSP12.13b,2021-05-24,Long Reach (Brun),43.85228,-69.92467,"0,10,30,80",2021-05-28,2021-06-03,1,30,40,23,8,2021-05-31,1.7045306908944076,0,FALSE
v0.1.4,PSP21.09,2021-05-25,Bass Hbr.,44.23824,-68.34792,"0,10,30,80",2021-05-29,2021-06-04,0,78,20,2,1,2021-06-01,0,0,TRUE
v0.1.4,PSP14.01,2021-05-25,Bay Pt.,43.75479,-69.77623,"0,10,30,80",2021-05-29,2021-06-04,0,78,20,2,1,2021-06-01,0,0,TRUE
v0.1.4,PSP12.3,2021-05-23,Sebasco,43.7637,-69.8616,"0,10,30,80",2021-05-27,2021-06-02,2,9,41,41,9,2021-05-30,3.5713976380644725,0,FALSE
v0.1.4,PSP27.46,2021-05-24,Gleason Cove,44.97084,-67.05254,"0,10,30,80",2021-05-28,2021-06-03,0,61,28,8,4,2021-05-31,6.299313974485745,0,TRUE
v0.1.4,PSP12.34,2021-05-23,Head Beach,43.71711,-69.84999,"0,10,30,80",2021-05-27,2021-06-02,1,38,56,6,0,2021-05-30,0,0,FALSE
v0.1.4,PSP12.002,2021-05-23,Sabino,43.857,-69.868,"0,10,30,80",2021-05-27,2021-06-02,1,17,45,31,8,2021-05-30,3.8960701506157873,0,FALSE
v0.1.4,PSP11.17,2021-05-25,Flying Pt,43.8097,-70.06895,"0,10,30,80",2021-05-29,2021-06-04,0,78,20,2,1,2021-06-01,0,0,TRUE
v0.1.4,PSP24.08,2021-05-26,Ripley Pt.,44.52198,-67.79233,"0,10,30,80",2021-05-30,2021-06-05,0,78,20,2,1,2021-06-02,0,0,TRUE
v0.1.4,PSP12.243,2021-05-24,Dingley Starboard,43.81194,-69.88472,"0,10,30,80",2021-05-28,2021-06-03,2,6,32,47,15,2021-05-31,5.478848649303452,0,FALSE
v0.1.4,PSP26.15,2021-05-24,Lubec Channel,44.85891,-66.98028,"0,10,30,80",2021-05-28,2021-06-03,0,69,24,4,2,2021-05-31,1.0073210534074466,0,TRUE
v0.1.4,PSP10.25,2021-05-24,Biddeford Pool,43.44652,-70.35614,"0,10,30,80",2021-05-28,2021-06-03,0,78,20,2,1,2021-06-01,0,0,TRUE
v0.1.4,PSP12.06,2021-05-24,Wills Gut,43.74995,-69.9883,"0,10,30,80",2021-05-28,2021-06-03,0,63,27,7,3,2021-05-31,0.7496651834752289,0,TRUE
v0.1.4,PSP12.03,2021-05-24,Potts Pt.,43.73064,-70.02556,"0,10,30,80",2021-05-28,2021-06-03,1,35,53,11,1,2021-05-31,0.8210618676157267,0,FALSE
v0.1.4,PSP16.41,2021-05-26,Port Clyde,43.92526,-69.259,"0,10,30,80",2021-05-30,2021-06-05,0,75,21,2,1,2021-06-02,0,0,TRUE
v0.1.4,PSP10.145,2021-05-24,Webhannet River,43.320514,-70.564503,"0,10,30,80",2021-05-28,2021-06-03,0,67,25,5,3,2021-06-01,0.9548508240328494,0,TRUE
v0.1.4,PSP14.2,2021-05-26,Pratts Island,43.81457,-69.6815,"0,10,30,80",2021-05-30,2021-06-05,0,78,20,2,1,2021-06-01,0,0,TRUE
v0.1.4,PSP13.03,2021-05-24,Pinkham Pt.,43.79416,-69.9289,"0,10,30,80",2021-05-28,2021-06-03,1,18,47,29,6,2021-05-31,2.6582561965138964,0,FALSE
v0.1.4,PSP14.08,2021-05-25,Five Islands,43.824,-69.709,"0,10,30,80",2021-05-29,2021-06-04,0,78,20,2,1,2021-06-01,0,0,TRUE
v0.1.4,PSP25.06,2021-05-26,Kelley Pt.,44.53205,-67.5655,"0,10,30,80",2021-05-30,2021-06-05,0,78,20,2,1,2021-06-02,0,0,TRUE
v0.1.4,PSP12.003,2021-05-24,Mitchell Field,43.778,-70.0167,"0,10,30,80",2021-05-28,2021-06-03,0,65,26,6,3,2021-05-31,0,0,TRUE
v0.1.4,PSP14.35,2021-05-26,Ocean Point,43.8138,-69.59961,"0,10,30,80",2021-05-30,2021-06-05,0,76,21,2,1,2021-06-01,0.790158363518518,0,TRUE
v0.1.4,PSP12.28,2021-05-23,Bear Island,43.78556,-69.87415,"0,10,30,80",2021-05-27,2021-06-02,2,1,27,60,12,2021-05-30,22.51223313674938,1,FALSE
v0.1.4,PSP19.13,2021-05-25,Duck Hbr.,44.0293,-68.65308,"0,10,30,80",2021-05-29,2021-06-04,0,57,29,10,4,2021-06-01,1.2312164596749966,0,TRUE
v0.1.4,PSP10.29,2021-05-25,Pine Point,43.54459,-70.33231,"0,10,30,80",2021-05-29,2021-06-04,0,75,21,2,1,2021-06-01,0,0,TRUE
v0.1.4,PSP14.17,2021-05-26,Sawyer Is.,43.86782,-69.67739,"0,10,30,80",2021-05-30,2021-06-05,0,78,20,2,1,2021-06-01,0,0,TRUE
v0.1.4,PSP15.25,2021-05-26,Christmas Cove Town Landing,43.84476,-69.55365,"0,10,30,80",2021-05-30,2021-06-05,0,78,20,2,1,2021-06-02,0,0,TRUE
v0.1.4,PSP14.02,2021-05-25,Indian Pt.,43.75329,-69.75399,"0,10,30,80",2021-05-29,2021-06-04,0,78,20,2,1,2021-06-01,0,0,TRUE
v0.1.4,PSP10.33,2021-05-25,Spurwink River,43.56632,-70.27305,"0,10,30,80",2021-05-29,2021-06-04,0,75,22,2,1,2021-06-01,0.3905372228147294,0,TRUE
v0.1.4,PSP11.110,2021-05-24,CAS BA2 Bangs island,43.728,-70.095,"0,10,30,80",2021-05-28,2021-06-03,0,63,27,7,3,2021-05-31,1.2678916763510957,0,TRUE
v0.1.4,PSP10.2,2021-05-24,Cape Porpoise,43.36592,-70.43032,"0,10,30,80",2021-05-28,2021-06-03,0,75,21,2,1,2021-06-01,0.3381763335116342,0,TRUE
v0.1.4,PSP12.15,2021-05-24,Gurnet,43.85809,-69.91333,"0,10,30,80",2021-05-28,2021-06-03,3,0,0,5,95,2021-05-31,12.650313959688862,1,FALSE
v0.1.4,PSP10.02,2021-05-24,Great Cove Marina,43.09612,-70.76781,"0,10,30,80",2021-05-28,2021-06-03,0,78,20,2,1,2021-06-01,0,0,TRUE
v0.1.4,PSP15.24,2021-05-26,Round Pond,43.94133,-69.45337,"0,10,30,80",2021-05-30,2021-06-05,0,78,20,2,1,2021-06-02,0,0,TRUE
v0.1.4,PSP12.01,2021-05-24,Basin Pt.,43.73848,-70.04343,"0,10,30,80",2021-05-28,2021-06-03,0,68,25,5,2,2021-05-31,0,0,TRUE
v0.1.4,PSP10.07,2021-05-24,York River,43.12727,-70.64426,"0,10,30,80",2021-05-28,2021-06-03,0,75,22,2,1,2021-06-01,0.4973181375171091,0,TRUE
v0.1.4,PSP27.05,2021-05-24,Gove Pt.,44.90545,-67.05621,"0,10,30,80",2021-05-28,2021-06-03,0,75,21,2,1,2021-05-31,1.1455808058359196,0,TRUE
v0.1.3,PSP12.003,2021-05-31,Mitchell Field,43.778,-70.0167,"0,10,30,80",2021-06-04,2021-06-10,0,98,2,0,0,2021-06-06,1.230185478246692,0,TRUE
v0.1.3,PSP14.21,2021-06-01,Newagen,43.78639,-69.65778,"0,10,30,80",2021-06-05,2021-06-11,0,98,2,0,0,2021-06-08,0,0,TRUE
v0.1.3,PSP11.110,2021-05-31,CAS BA2 Bangs island,43.728,-70.095,"0,10,30,80",2021-06-04,2021-06-10,0,92,7,1,0,2021-06-07,0,0,TRUE
v0.1.3,PSP10.33,2021-06-01,Spurwink River,43.56632,-70.27305,"0,10,30,80",2021-06-05,2021-06-11,0,97,3,0,0,2021-06-09,1.298079543212273,0,TRUE
v0.1.3,PSP14.02,2021-06-01,Indian Pt.,43.75329,-69.75399,"0,10,30,80",2021-06-05,2021-06-11,0,98,2,0,0,2021-06-07,0,0,TRUE
v0.1.3,PSP19.15,2021-06-01,Stonington,44.15419,-68.65947,"0,10,30,80",2021-06-05,2021-06-11,0,98,2,0,0,2021-06-08,0.5061863335034571,0,TRUE
v0.1.3,PSP14.35,2021-06-01,Ocean Point,43.8138,-69.59961,"0,10,30,80",2021-06-05,2021-06-11,0,95,4,0,0,2021-06-08,0,0,TRUE
v0.1.3,PSP27.46,2021-05-31,Gleason Cove,44.97084,-67.05254,"0,10,30,80",2021-06-04,2021-06-10,0,50,32,14,4,2021-06-06,1.2657286511695995,0,TRUE
v0.1.3,PSP23.07,2021-06-02,Corea Hbr.,44.39319,-67.97628,"0,10,30,80",2021-06-06,2021-06-12,0,98,2,0,0,2021-06-07,0,0,TRUE
v0.1.3,PSP12.34,2021-05-30,Head Beach,43.71711,-69.84999,"0,10,30,80",2021-06-03,2021-06-09,0,98,2,0,0,2021-06-07,0,0,TRUE
v0.1.3,PSP15.25,2021-06-02,Christmas Cove Town Landing,43.84476,-69.55365,"0,10,30,80",2021-06-06,2021-06-12,0,98,2,0,0,2021-06-08,0,0,TRUE
v0.1.3,PSP14.05,2021-06-01,Griffith Head,43.784,-69.722,"0,10,30,80",2021-06-05,2021-06-11,0,98,2,0,0,2021-06-07,0,0,TRUE
v0.1.3,PSP16.41,2021-06-02,Port Clyde,43.92526,-69.259,"0,10,30,80",2021-06-06,2021-06-12,0,98,2,0,0,2021-06-08,0,0,TRUE
v0.1.3,PSP10.11,2021-06-01,Ogunquit River,43.2503,-70.5954,"0,10,30,80",2021-06-05,2021-06-11,0,98,2,0,0,2021-06-09,1.6225994290153414,0,TRUE
v0.1.3,PSP14.08,2021-06-01,Five Islands,43.824,-69.709,"0,10,30,80",2021-06-05,2021-06-11,0,98,2,0,0,2021-06-07,0,0,TRUE
v0.1.3,PSP12.13,2021-05-31,Lumbos Hole,43.79553,-69.94557,"0,10,30,80",2021-06-04,2021-06-10,0,90,8,2,0,2021-06-06,1.608704086937982,0,TRUE
v0.1.3,PSP12.06,2021-05-31,Wills Gut,43.74995,-69.9883,"0,10,30,80",2021-06-04,2021-06-10,0,95,5,0,0,2021-06-06,0,0,TRUE
v0.1.3,PSP12.21,2021-05-30,Fort St. George,43.75373,-69.78983,"0,10,30,80",2021-06-03,2021-06-09,0,98,2,0,0,2021-06-07,0,0,TRUE
v0.1.3,PSP12.28,2021-05-30,Bear Island,43.78556,-69.87415,"0,10,30,80",2021-06-03,2021-06-09,1,17,36,33,14,2021-06-07,11.970882367213989,1,TRUE
v0.1.3,PSP19.13,2021-06-01,Duck Hbr.,44.0293,-68.65308,"0,10,30,80",2021-06-05,2021-06-11,0,93,6,1,0,2021-06-08,1.0686155929517425,0,TRUE
v0.1.3,PSP26.07,2021-05-31,Cutler Hbr.,44.65701,-67.20525,"0,10,30,80",2021-06-04,2021-06-10,0,98,2,0,0,2021-06-06,0,0,TRUE
v0.1.3,PSP15.2,2021-06-02,Graveyard Pt.,43.8782,-69.52402,"0,10,30,80",2021-06-06,2021-06-12,0,98,2,0,0,2021-06-08,0,0,TRUE
v0.1.3,PSP21.09,2021-06-01,Bass Hbr.,44.23824,-68.34792,"0,10,30,80",2021-06-05,2021-06-11,0,98,2,0,0,2021-06-08,0,0,TRUE
v0.1.3,PSP12.01,2021-05-31,Basin Pt.,43.73848,-70.04343,"0,10,30,80",2021-06-04,2021-06-10,0,98,2,0,0,2021-06-06,0,0,TRUE
v0.1.3,PSP25.06,2021-06-02,Kelley Pt.,44.53205,-67.5655,"0,10,30,80",2021-06-06,2021-06-12,0,98,2,0,0,2021-06-07,0,0,TRUE
v0.1.3,PSP12.002,2021-05-30,Sabino,43.857,-69.868,"0,10,30,80",2021-06-03,2021-06-09,0,89,9,2,0,2021-06-07,3.956855233936449,0,TRUE
v0.1.3,PSP26.15,2021-05-31,Lubec Channel,44.85891,-66.98028,"0,10,30,80",2021-06-04,2021-06-10,0,94,6,0,0,2021-06-06,0.931716923777622,0,TRUE
v0.1.3,PSP12.13b,2021-05-31,Long Reach (Brun),43.85228,-69.92467,"0,10,30,80",2021-06-04,2021-06-10,0,90,8,2,0,2021-06-06,0,0,TRUE
v0.1.3,PSP12.11,2021-05-31,Ewin Narrows,43.81755,-69.95353,"0,10,30,80",2021-06-04,2021-06-10,0,98,2,0,0,2021-06-06,0,0,TRUE
v0.1.3,PSP13.03,2021-05-31,Pinkham Pt.,43.79416,-69.9289,"0,10,30,80",2021-06-04,2021-06-10,0,89,8,2,0,2021-06-06,1.0656699608311293,0,TRUE
v0.1.3,PSP12.3,2021-05-30,Sebasco,43.7637,-69.8616,"0,10,30,80",2021-06-03,2021-06-09,0,70,21,7,2,2021-06-07,8.618422424244603,0,TRUE
v0.1.3,PSP14.17,2021-06-01,Sawyer Is.,43.86782,-69.67739,"0,10,30,80",2021-06-05,2021-06-11,0,98,2,0,0,2021-06-08,0,0,TRUE
v0.1.3,PSP14.01,2021-06-01,Bay Pt.,43.75479,-69.77623,"0,10,30,80",2021-06-05,2021-06-11,0,98,2,0,0,2021-06-07,0,0,TRUE
v0.1.3,PSP24.08,2021-06-02,Ripley Pt.,44.52198,-67.79233,"0,10,30,80",2021-06-06,2021-06-12,0,98,2,0,0,2021-06-07,0,0,TRUE
v0.1.3,PSP15.24,2021-06-02,Round Pond,43.94133,-69.45337,"0,10,30,80",2021-06-06,2021-06-12,0,98,2,0,0,2021-06-08,0,0,TRUE
v0.1.3,PSP19.12,2021-06-01,IAH Town Dock,44.0737,-68.64,"0,10,30,80",2021-06-05,2021-06-11,0,98,2,0,0,2021-06-08,1.593549568436809,0,TRUE
v0.1.3,PSP14.2,2021-06-01,Pratts Island,43.81457,-69.6815,"0,10,30,80",2021-06-05,2021-06-11,0,98,2,0,0,2021-06-08,0,0,TRUE
v0.1.3,PSP12.15,2021-05-31,Gurnet,43.85809,-69.91333,"0,10,30,80",2021-06-04,2021-06-10,1,21,41,28,10,2021-06-06,5.315501435270164,0,FALSE
v0.1.3,PSP11.117,2021-05-31,CAS CF3,43.7119,-70.18787,"0,10,30,80",2021-06-04,2021-06-10,0,94,5,1,0,2021-06-07,1.1120034373890046,0,TRUE
v0.1.3,PSP12.03,2021-05-31,Potts Pt.,43.73064,-70.02556,"0,10,30,80",2021-06-04,2021-06-10,0,89,9,1,0,2021-06-06,0,0,TRUE
v0.1.3,PSP12.243,2021-05-31,Dingley Starboard,43.81194,-69.88472,"0,10,30,80",2021-06-04,2021-06-10,0,60,25,11,3,2021-06-06,5.837743892065072,0,TRUE
v0.1.3,PSP27.05,2021-05-31,Gove Pt.,44.90545,-67.05621,"0,10,30,80",2021-06-04,2021-06-10,0,94,6,0,0,2021-06-06,0.703182583983111,0,TRUE
v0.1.3,PSP14.08,2021-06-07,Five Islands,43.824,-69.709,"0,10,30,80",2021-06-11,2021-06-17,0,98,2,0,0,2021-06-14,0,0,TRUE
v0.1.3,PSP19.12,2021-06-08,IAH Town Dock,44.0737,-68.64,"0,10,30,80",2021-06-12,2021-06-18,0,91,8,1,0,2021-06-15,1.2290056956717084,0,TRUE
v0.1.3,PSP15.2,2021-06-08,Graveyard Pt.,43.8782,-69.52402,"0,10,30,80",2021-06-12,2021-06-18,0,98,2,0,0,2021-06-16,0,0,TRUE
v0.1.3,PSP23.07,2021-06-07,Corea Hbr.,44.39319,-67.97628,"0,10,30,80",2021-06-11,2021-06-17,0,98,2,0,0,2021-06-14,0,0,TRUE
v0.1.3,PSP13.03,2021-06-06,Pinkham Pt.,43.79416,-69.9289,"0,10,30,80",2021-06-10,2021-06-16,0,93,6,1,0,2021-06-13,0.6100584039421044,0,TRUE
v0.1.3,PSP16.41,2021-06-08,Port Clyde,43.92526,-69.259,"0,10,30,80",2021-06-12,2021-06-18,0,98,2,0,0,2021-06-16,0,0,TRUE
v0.1.3,PSP14.21,2021-06-08,Newagen,43.78639,-69.65778,"0,10,30,80",2021-06-12,2021-06-18,0,98,2,0,0,2021-06-15,0,0,TRUE
v0.1.3,PSP26.07,2021-06-06,Cutler Hbr.,44.65701,-67.20525,"0,10,30,80",2021-06-10,2021-06-16,0,98,2,0,0,2021-06-13,0,0,TRUE
v0.1.3,PSP12.34,2021-06-07,Head Beach,43.71711,-69.84999,"0,10,30,80",2021-06-11,2021-06-17,0,98,2,0,0,2021-06-14,0,0,TRUE
v0.1.3,PSP19.15,2021-06-08,Stonington,44.15419,-68.65947,"0,10,30,80",2021-06-12,2021-06-18,0,96,3,0,0,2021-06-15,0,0,TRUE
v0.1.3,PSP14.35,2021-06-08,Ocean Point,43.8138,-69.59961,"0,10,30,80",2021-06-12,2021-06-18,0,98,2,0,0,2021-06-15,0,0,TRUE
v0.1.3,PSP24.08,2021-06-07,Ripley Pt.,44.52198,-67.79233,"0,10,30,80",2021-06-11,2021-06-17,0,98,2,0,0,2021-06-14,0,0,TRUE
v0.1.3,PSP27.46,2021-06-06,Gleason Cove,44.97084,-67.05254,"0,10,30,80",2021-06-10,2021-06-16,0,91,8,1,0,2021-06-13,1.5472852261273533,0,TRUE
v0.1.3,PSP12.13b,2021-06-06,Long Reach (Brun),43.85228,-69.92467,"0,10,30,80",2021-06-10,2021-06-16,0,98,2,0,0,2021-06-13,0.3558674022995609,0,TRUE
v0.1.3,PSP10.11,2021-06-09,Ogunquit River,43.2503,-70.5954,"0,10,30,80",2021-06-13,2021-06-19,0,91,8,1,0,2021-06-15,1.8385389157513257,0,TRUE
v0.1.3,PSP21.09,2021-06-08,Bass Hbr.,44.23824,-68.34792,"0,10,30,80",2021-06-12,2021-06-18,0,98,2,0,0,2021-06-15,0,0,TRUE
v0.1.3,PSP12.11,2021-06-06,Ewin Narrows,43.81755,-69.95353,"0,10,30,80",2021-06-10,2021-06-16,0,98,2,0,0,2021-06-13,1.428394559855068,0,TRUE
v0.1.3,PSP19.13,2021-06-08,Duck Hbr.,44.0293,-68.65308,"0,10,30,80",2021-06-12,2021-06-18,0,93,6,1,0,2021-06-15,1.1770758775447347,0,TRUE
v0.1.3,PSP14.05,2021-06-07,Griffith Head,43.784,-69.722,"0,10,30,80",2021-06-11,2021-06-17,0,98,2,0,0,2021-06-14,0,0,TRUE
v0.1.3,PSP12.003,2021-06-06,Mitchell Field,43.778,-70.0167,"0,10,30,80",2021-06-10,2021-06-16,0,93,6,1,0,2021-06-13,0.4232280177348348,0,TRUE
v0.1.3,PSP15.24,2021-06-08,Round Pond,43.94133,-69.45337,"0,10,30,80",2021-06-12,2021-06-18,0,98,2,0,0,2021-06-16,0,0,TRUE
v0.1.3,PSP15.25,2021-06-08,Christmas Cove Town Landing,43.84476,-69.55365,"0,10,30,80",2021-06-12,2021-06-18,0,98,2,0,0,2021-06-16,0,0,TRUE
v0.1.3,PSP12.3,2021-06-07,Sebasco,43.7637,-69.8616,"0,10,30,80",2021-06-11,2021-06-17,0,54,28,13,5,2021-06-14,1.6576430694614368,0,TRUE
v0.1.3,PSP27.05,2021-06-06,Gove Pt.,44.90545,-67.05621,"0,10,30,80",2021-06-10,2021-06-16,0,95,4,0,0,2021-06-13,2.1115892497737994,0,TRUE
v0.1.3,PSP11.110,2021-06-07,CAS BA2 Bangs island,43.728,-70.095,"0,10,30,80",2021-06-11,2021-06-17,0,98,2,0,0,2021-06-14,0.9112984232799756,0,TRUE
v0.1.3,PSP12.03,2021-06-06,Potts Pt.,43.73064,-70.02556,"0,10,30,80",2021-06-10,2021-06-16,0,98,2,0,0,2021-06-13,0.4937660206906407,0,TRUE
v0.1.3,PSP12.15,2021-06-06,Gurnet,43.85809,-69.91333,"0,10,30,80",2021-06-10,2021-06-16,0,88,11,1,0,2021-06-13,0.5931123371659349,0,TRUE
v0.1.3,PSP12.06,2021-06-06,Wills Gut,43.74995,-69.9883,"0,10,30,80",2021-06-10,2021-06-16,0,98,2,0,0,2021-06-13,0.5995730251243495,0,TRUE
v0.1.3,PSP11.117,2021-06-07,CAS CF3,43.7119,-70.18787,"0,10,30,80",2021-06-11,2021-06-17,0,93,6,1,0,2021-06-14,0.5082241206753711,0,TRUE
v0.1.3,PSP12.28,2021-06-07,Bear Island,43.78556,-69.87415,"0,10,30,80",2021-06-11,2021-06-17,0,60,28,9,3,2021-06-14,1.5342015642887763,0,TRUE
v0.1.3,PSP12.243,2021-06-06,Dingley Starboard,43.81194,-69.88472,"0,10,30,80",2021-06-10,2021-06-16,0,83,13,3,1,2021-06-13,4.51643175353359,0,TRUE
v0.1.3,PSP14.2,2021-06-08,Pratts Island,43.81457,-69.6815,"0,10,30,80",2021-06-12,2021-06-18,0,98,2,0,0,2021-06-15,0,0,TRUE
v0.1.3,PSP14.02,2021-06-07,Indian Pt.,43.75329,-69.75399,"0,10,30,80",2021-06-11,2021-06-17,0,98,2,0,0,2021-06-14,0,0,TRUE
v0.1.3,PSP14.17,2021-06-08,Sawyer Is.,43.86782,-69.67739,"0,10,30,80",2021-06-12,2021-06-18,0,98,2,0,0,2021-06-15,0,0,TRUE
v0.1.3,PSP12.01,2021-06-06,Basin Pt.,43.73848,-70.04343,"0,10,30,80",2021-06-10,2021-06-16,0,98,2,0,0,2021-06-13,0,0,TRUE
v0.1.3,PSP25.06,2021-06-07,Kelley Pt.,44.53205,-67.5655,"0,10,30,80",2021-06-11,2021-06-17,0,98,2,0,0,2021-06-14,0,0,TRUE
v0.1.3,PSP12.13,2021-06-06,Lumbos Hole,43.79553,-69.94557,"0,10,30,80",2021-06-10,2021-06-16,0,91,8,1,0,2021-06-13,2.327754097541592,0,TRUE
v0.1.3,PSP14.01,2021-06-07,Bay Pt.,43.75479,-69.77623,"0,10,30,80",2021-06-11,2021-06-17,0,98,2,0,0,2021-06-14,0.5461006680449482,0,TRUE
v0.1.3,PSP26.15,2021-06-06,Lubec Channel,44.85891,-66.98028,"0,10,30,80",2021-06-10,2021-06-16,0,94,5,0,0,2021-06-13,2.0751825385708034,0,TRUE
v0.1.3,PSP12.002,2021-06-07,Sabino,43.857,-69.868,"0,10,30,80",2021-06-11,2021-06-17,0,89,9,1,0,2021-06-14,0.8009476464659241,0,TRUE
v0.1.3,PSP10.33,2021-06-09,Spurwink River,43.56632,-70.27305,"0,10,30,80",2021-06-13,2021-06-19,0,93,6,1,0,2021-06-15,0.9465744912779102,0,TRUE
v0.1.3,PSP12.21,2021-06-07,Fort St. George,43.75373,-69.78983,"0,10,30,80",2021-06-11,2021-06-17,0,98,2,0,0,2021-06-14,0.4232280177348348,0,TRUE
v0.1.3,PSP15.25,2021-06-16,Christmas Cove Town Landing,43.84476,-69.55365,"0,10,30,80",2021-06-20,2021-06-26,0,98,2,0,0,2021-06-22,0,0,TRUE
v0.1.3,PSP12.243,2021-06-13,Dingley Starboard,43.81194,-69.88472,"0,10,30,80",2021-06-17,2021-06-23,0,93,7,1,0,2021-06-20,0.4752033883338497,0,TRUE
v0.1.3,PSP10.11,2021-06-15,Ogunquit River,43.2503,-70.5954,"0,10,30,80",2021-06-19,2021-06-25,0,91,7,1,0,2021-06-21,2.700597827450851,0,TRUE
v0.1.3,PSP12.15,2021-06-13,Gurnet,43.85809,-69.91333,"0,10,30,80",2021-06-17,2021-06-23,0,96,3,0,0,2021-06-20,0.6039374166115816,0,TRUE
v0.1.3,PSP14.2,2021-06-15,Pratts Island,43.81457,-69.6815,"0,10,30,80",2021-06-19,2021-06-25,0,98,2,0,0,2021-06-23,1.190328799879223,0,TRUE
v0.1.3,PSP19.13,2021-06-15,Duck Hbr.,44.0293,-68.65308,"0,10,30,80",2021-06-19,2021-06-25,0,94,5,1,0,2021-06-22,0.9349415776390833,0,TRUE
v0.1.3,PSP13.03,2021-06-13,Pinkham Pt.,43.79416,-69.9289,"0,10,30,80",2021-06-17,2021-06-23,0,96,3,0,0,2021-06-20,0,0,TRUE
v0.1.3,PSP12.06,2021-06-13,Wills Gut,43.74995,-69.9883,"0,10,30,80",2021-06-17,2021-06-23,0,96,3,0,0,2021-06-20,0,0,TRUE
v0.1.3,PSP14.08,2021-06-14,Five Islands,43.824,-69.709,"0,10,30,80",2021-06-18,2021-06-24,0,98,2,0,0,2021-06-22,0.5008615594495087,0,TRUE
v0.1.3,PSP25.06,2021-06-14,Kelley Pt.,44.53205,-67.5655,"0,10,30,80",2021-06-18,2021-06-24,0,98,2,0,0,2021-06-21,0,0,TRUE
v0.1.3,PSP12.002,2021-06-14,Sabino,43.857,-69.868,"0,10,30,80",2021-06-18,2021-06-24,0,95,4,0,0,2021-06-21,0,0,TRUE
v0.1.3,PSP19.12,2021-06-15,IAH Town Dock,44.0737,-68.64,"0,10,30,80",2021-06-19,2021-06-25,0,94,6,1,0,2021-06-22,0,0,TRUE
v0.1.3,PSP19.15,2021-06-15,Stonington,44.15419,-68.65947,"0,10,30,80",2021-06-19,2021-06-25,0,98,2,0,0,2021-06-22,0,0,TRUE
v0.1.3,PSP11.117,2021-06-14,CAS CF3,43.7119,-70.18787,"0,10,30,80",2021-06-18,2021-06-24,0,97,3,0,0,2021-06-21,0.6228104608806935,0,TRUE
v0.1.3,PSP12.21,2021-06-14,Fort St. George,43.75373,-69.78983,"0,10,30,80",2021-06-18,2021-06-24,0,97,3,0,0,2021-06-21,0.5940042354173122,0,TRUE
v0.1.3,PSP27.46,2021-06-13,Gleason Cove,44.97084,-67.05254,"0,10,30,80",2021-06-17,2021-06-23,0,92,6,1,0,2021-06-21,5.420002397788375,0,TRUE
v0.1.3,PSP14.02,2021-06-14,Indian Pt.,43.75329,-69.75399,"0,10,30,80",2021-06-18,2021-06-24,0,98,2,0,0,2021-06-22,0.534252330079476,0,TRUE
v0.1.3,PSP12.34,2021-06-14,Head Beach,43.71711,-69.84999,"0,10,30,80",2021-06-18,2021-06-24,0,98,2,0,0,2021-06-21,0.8514060707648139,0,TRUE
v0.1.3,PSP16.41,2021-06-16,Port Clyde,43.92526,-69.259,"0,10,30,80",2021-06-20,2021-06-26,0,98,2,0,0,2021-06-22,0,0,TRUE
v0.1.3,PSP12.11,2021-06-13,Ewin Narrows,43.81755,-69.95353,"0,10,30,80",2021-06-17,2021-06-23,0,93,6,1,0,2021-06-20,1.0494074825705848,0,TRUE
v0.1.3,PSP21.09,2021-06-15,Bass Hbr.,44.23824,-68.34792,"0,10,30,80",2021-06-19,2021-06-25,0,98,2,0,0,2021-06-22,0,0,TRUE
v0.1.3,PSP14.05,2021-06-14,Griffith Head,43.784,-69.722,"0,10,30,80",2021-06-18,2021-06-24,0,98,2,0,0,2021-06-22,0,0,TRUE
v0.1.3,PSP12.03,2021-06-13,Potts Pt.,43.73064,-70.02556,"0,10,30,80",2021-06-17,2021-06-23,0,97,3,0,0,2021-06-20,0.6534046589590432,0,TRUE
v0.1.3,PSP12.13,2021-06-13,Lumbos Hole,43.79553,-69.94557,"0,10,30,80",2021-06-17,2021-06-23,0,88,9,2,1,2021-06-20,1.6830120003490512,0,TRUE
v0.1.3,PSP12.003,2021-06-13,Mitchell Field,43.778,-70.0167,"0,10,30,80",2021-06-17,2021-06-23,0,97,3,0,0,2021-06-20,0.5148036706950039,0,TRUE
v0.1.3,PSP14.17,2021-06-15,Sawyer Is.,43.86782,-69.67739,"0,10,30,80",2021-06-19,2021-06-25,0,98,2,0,0,2021-06-23,0,0,TRUE
v0.1.3,PSP14.01,2021-06-14,Bay Pt.,43.75479,-69.77623,"0,10,30,80",2021-06-18,2021-06-24,0,96,3,0,0,2021-06-22,1.543018814658252,0,TRUE
v0.1.3,PSP12.28,2021-06-14,Bear Island,43.78556,-69.87415,"0,10,30,80",2021-06-18,2021-06-24,0,92,6,1,0,2021-06-21,1.189069192683584,0,TRUE
v0.1.3,PSP24.08,2021-06-14,Ripley Pt.,44.52198,-67.79233,"0,10,30,80",2021-06-18,2021-06-24,0,98,2,0,0,2021-06-21,0,0,TRUE
v0.1.3,PSP15.24,2021-06-16,Round Pond,43.94133,-69.45337,"0,10,30,80",2021-06-20,2021-06-26,0,98,2,0,0,2021-06-22,0,0,TRUE
v0.1.3,PSP27.05,2021-06-13,Gove Pt.,44.90545,-67.05621,"0,10,30,80",2021-06-17,2021-06-23,0,90,8,2,1,2021-06-21,4.402202384531927,0,TRUE
v0.1.3,PSP26.15,2021-06-13,Lubec Channel,44.85891,-66.98028,"0,10,30,80",2021-06-17,2021-06-23,0,90,8,2,1,2021-06-21,7.047464760127559,0,TRUE
v0.1.3,PSP26.07,2021-06-13,Cutler Hbr.,44.65701,-67.20525,"0,10,30,80",2021-06-17,2021-06-23,0,98,2,0,0,2021-06-21,0,0,TRUE
v0.1.3,PSP14.35,2021-06-15,Ocean Point,43.8138,-69.59961,"0,10,30,80",2021-06-19,2021-06-25,0,98,2,0,0,2021-06-23,0,0,TRUE
v0.1.3,PSP23.07,2021-06-14,Corea Hbr.,44.39319,-67.97628,"0,10,30,80",2021-06-18,2021-06-24,0,98,2,0,0,2021-06-21,0,0,TRUE
v0.1.3,PSP12.01,2021-06-13,Basin Pt.,43.73848,-70.04343,"0,10,30,80",2021-06-17,2021-06-23,0,98,2,0,0,2021-06-20,0,0,TRUE
v0.1.3,PSP12.13b,2021-06-13,Long Reach (Brun),43.85228,-69.92467,"0,10,30,80",2021-06-17,2021-06-23,0,97,3,0,0,2021-06-20,0,0,TRUE
v0.1.3,PSP15.2,2021-06-16,Graveyard Pt.,43.8782,-69.52402,"0,10,30,80",2021-06-20,2021-06-26,0,98,2,0,0,2021-06-22,0,0,TRUE
v0.1.3,PSP14.21,2021-06-15,Newagen,43.78639,-69.65778,"0,10,30,80",2021-06-19,2021-06-25,0,98,2,0,0,2021-06-23,0,0,TRUE
v0.1.3,PSP12.3,2021-06-14,Sebasco,43.7637,-69.8616,"0,10,30,80",2021-06-18,2021-06-24,0,92,7,1,0,2021-06-21,1.4712212045068072,0,TRUE
v0.1.3,PSP10.33,2021-06-15,Spurwink River,43.56632,-70.27305,"0,10,30,80",2021-06-19,2021-06-25,0,95,5,0,0,2021-06-21,1.7533732163300302,0,TRUE
v0.1.3,PSP26.15,2021-06-21,Lubec Channel,44.85891,-66.98028,"0,10,30,80",2021-06-25,2021-07-01,0,71,19,8,3,2021-06-28,3.990795285622323,0,TRUE
v0.1.3,PSP10.11,2021-06-21,Ogunquit River,43.2503,-70.5954,"0,10,30,80",2021-06-25,2021-07-01,0,82,12,4,2,2021-06-29,8.37662342182532,0,TRUE
v0.1.3,PSP27.05,2021-06-21,Gove Pt.,44.90545,-67.05621,"0,10,30,80",2021-06-25,2021-07-01,0,89,8,2,1,2021-06-28,4.228778490728242,0,TRUE
v0.1.3,PSP27.46,2021-06-21,Gleason Cove,44.97084,-67.05254,"0,10,30,80",2021-06-25,2021-07-01,0,85,11,3,1,2021-06-28,4.503374496619686,0,TRUE
v0.1.3,PSP16.41,2021-06-22,Port Clyde,43.92526,-69.259,"0,10,30,80",2021-06-26,2021-07-02,0,99,1,0,0,2021-06-28,0,0,TRUE
v0.1.3,PSP19.15,2021-06-22,Stonington,44.15419,-68.65947,"0,10,30,80",2021-06-26,2021-07-02,0,99,1,0,0,2021-06-29,0,0,TRUE
v0.1.3,PSP10.33,2021-06-21,Spurwink River,43.56632,-70.27305,"0,10,30,80",2021-06-25,2021-07-01,0,92,7,1,0,2021-06-28,3.5899814664965666,0,TRUE
v0.1.3,PSP15.25,2021-06-22,Christmas Cove Town Landing,43.84476,-69.55365,"0,10,30,80",2021-06-26,2021-07-02,0,99,1,0,0,2021-06-28,0,0,TRUE
v0.1.3,PSP25.06,2021-06-21,Kelley Pt.,44.53205,-67.5655,"0,10,30,80",2021-06-25,2021-07-01,0,99,1,0,0,2021-06-28,0,0,TRUE
v0.1.3,PSP23.07,2021-06-21,Corea Hbr.,44.39319,-67.97628,"0,10,30,80",2021-06-25,2021-07-01,0,99,1,0,0,2021-06-28,0,0,TRUE
v0.1.3,PSP12.34,2021-06-21,Head Beach,43.71711,-69.84999,"0,10,30,80",2021-06-25,2021-07-01,0,97,3,0,0,2021-06-27,1.104455493042774,0,TRUE
v0.1.3,PSP19.12,2021-06-22,IAH Town Dock,44.0737,-68.64,"0,10,30,80",2021-06-26,2021-07-02,0,98,2,0,0,2021-06-29,0,0,TRUE
v0.1.3,PSP14.21,2021-06-23,Newagen,43.78639,-69.65778,"0,10,30,80",2021-06-27,2021-07-03,0,99,1,0,0,2021-06-30,0,0,TRUE
v0.1.3,PSP12.01,2021-06-20,Basin Pt.,43.73848,-70.04343,"0,10,30,80",2021-06-24,2021-06-30,0,99,1,0,0,2021-06-27,0,0,TRUE
v0.1.3,PSP12.28,2021-06-21,Bear Island,43.78556,-69.87415,"0,10,30,80",2021-06-25,2021-07-01,0,94,5,1,0,2021-06-27,2.1898686499986035,0,TRUE
v0.1.3,PSP12.13,2021-06-20,Lumbos Hole,43.79553,-69.94557,"0,10,30,80",2021-06-24,2021-06-30,0,92,7,1,0,2021-06-27,1.961360616955271,0,TRUE
v0.1.3,PSP24.08,2021-06-21,Ripley Pt.,44.52198,-67.79233,"0,10,30,80",2021-06-25,2021-07-01,0,99,1,0,0,2021-06-28,0,0,TRUE
v0.1.3,PSP26.07,2021-06-21,Cutler Hbr.,44.65701,-67.20525,"0,10,30,80",2021-06-25,2021-07-01,0,99,1,0,0,2021-06-28,0,0,TRUE
v0.1.3,PSP19.13,2021-06-22,Duck Hbr.,44.0293,-68.65308,"0,10,30,80",2021-06-26,2021-07-02,0,95,5,0,0,2021-06-29,0,0,TRUE
v0.1.3,PSP12.03,2021-06-20,Potts Pt.,43.73064,-70.02556,"0,10,30,80",2021-06-24,2021-06-30,0,96,3,0,0,2021-06-27,1.104455493042774,0,TRUE
v0.1.3,PSP21.09,2021-06-22,Bass Hbr.,44.23824,-68.34792,"0,10,30,80",2021-06-26,2021-07-02,0,99,1,0,0,2021-06-29,0,0,TRUE
v0.1.3,PSP19.12,2021-06-29,IAH Town Dock,44.0737,-68.64,"0,10,30,80",2021-07-03,2021-07-09,0,97.83051013946532,2.1464867517352104,0.02090668131131678,0.00210006510314997,2021-07-06,0,0,TRUE
v0.1.3,PSP25.06,2021-06-28,Kelley Pt.,44.53205,-67.5655,"0,10,30,80",2021-07-02,2021-07-08,0,97.82538414001463,2.1510018035769463,0.02142908197129145,0.00217986671486869,2021-07-05,0,0,TRUE
v0.1.3,PSP26.07,2021-06-28,Cutler Hbr.,44.65701,-67.20525,"0,10,30,80",2021-07-02,2021-07-08,0,97.82462120056152,2.151731215417385,0.0214725499972701,0.00218615350604522,2021-07-04,0,0,TRUE
v0.1.3,PSP26.15,2021-06-28,Lubec Channel,44.85891,-66.98028,"0,10,30,80",2021-07-02,2021-07-08,0,69.8554277420044,22.44398891925812,6.282681971788406,1.4178997837007046,2021-07-04,5.204391467305288,0,TRUE
v0.1.3,PSP24.08,2021-06-28,Ripley Pt.,44.52198,-67.79233,"0,10,30,80",2021-07-02,2021-07-08,0,97.82565832138062,2.150726690888405,0.02142867306247353,0.00218010991375194,2021-07-05,0,0,TRUE
v0.1.3,PSP19.15,2021-06-29,Stonington,44.15419,-68.65947,"0,10,30,80",2021-07-03,2021-07-09,0,97.83031344413756,2.1466491743922234,0.02093407238135114,0.00210430698643904,2021-07-06,0,0,TRUE
v0.1.3,PSP21.09,2021-06-29,Bass Hbr.,44.23824,-68.34792,"0,10,30,80",2021-07-03,2021-07-09,0,97.83021211624146,2.146756090223789,0.02093680523103103,0.00210462985705817,2021-07-06,0,0,TRUE
v0.1.3,PSP27.46,2021-06-28,Gleason Cove,44.97084,-67.05254,"0,10,30,80",2021-07-02,2021-07-08,0,59.03115868568421,27.991169691085815,10.351146012544632,2.6265284046530724,2021-07-04,2.971360452832283,0,TRUE
v0.1.3,PSP23.07,2021-06-28,Corea Hbr.,44.39319,-67.97628,"0,10,30,80",2021-07-02,2021-07-08,0,97.82623052597046,2.1502258256077766,0.02138188719982281,0.00217302767850924,2021-07-05,0,0,TRUE
v0.1.3,PSP27.05,2021-06-28,Gove Pt.,44.90545,-67.05621,"0,10,30,80",2021-07-02,2021-07-08,0,61.321598291397095,27.120721340179443,9.268605709075928,2.289068140089512,2021-07-04,1.6173227781239008,0,TRUE
v0.1.3,PSP19.13,2021-06-29,Duck Hbr.,44.0293,-68.65308,"0,10,30,80",2021-07-03,2021-07-09,0,97.27612733840942,2.6791267096996307,0.04009828262496739,0.00463601281808223,2021-07-06,0.9877647794862852,0,TRUE
v0.1.3,PSP27.46,2021-07-04,Gleason Cove,44.97084,-67.05254,"0,10,30,80",2021-07-08,2021-07-14,0,88.38103413581848,8.702045679092407,2.16241218149662,0.7545159664005041,2021-07-14,0.9101241955749668,0,TRUE
v0.1.3,PSP24.08,2021-07-05,Ripley Pt.,44.52198,-67.79233,"0,10,30,80",2021-07-09,2021-07-15,0,98.6791729927063,1.298801600933075,0.0185398239409551,0.0034761855204124,2021-07-14,0,0,TRUE
v0.1.3,PSP19.12,2021-07-06,IAH Town Dock,44.0737,-68.64,"0,10,30,80",2021-07-10,2021-07-16,0,98.69617223739624,1.2827633880078793,0.01776871504262089,0.00329723588947672,2021-07-14,0,0,TRUE
v0.1.3,PSP27.05,2021-07-04,Gove Pt.,44.90545,-67.05621,"0,10,30,80",2021-07-08,2021-07-14,0,93.00639033317566,5.733314901590347,0.9375765919685364,0.32272040843963623,2021-07-14,0,0,TRUE
v0.1.3,PSP19.15,2021-07-06,Stonington,44.15419,-68.65947,"0,10,30,80",2021-07-10,2021-07-16,0,98.6952781677246,1.2836028821766376,0.01780852035153657,0.00330642578774131,2021-07-13,0,0,TRUE
v0.1.3,PSP25.06,2021-07-05,Kelley Pt.,44.53205,-67.5655,"0,10,30,80",2021-07-09,2021-07-15,0,98.67908358573914,1.2988926842808723,0.01854428119258955,0.00347722016158513,2021-07-14,0,0,TRUE
v0.1.3,PSP21.09,2021-07-06,Bass Hbr.,44.23824,-68.34792,"0,10,30,80",2021-07-10,2021-07-16,0,98.6951470375061,1.2837345711886885,0.01781479950295761,0.00330787224811501,2021-07-12,0,0,TRUE
v0.1.3,PSP23.07,2021-07-05,Corea Hbr.,44.39319,-67.97628,"0,10,30,80",2021-07-09,2021-07-15,0,98.68077635765076,1.29729388281703,0.01846627710619941,0.00345904227287974,2021-07-14,0,0,TRUE
v0.1.3,PSP19.13,2021-07-06,Duck Hbr.,44.0293,-68.65308,"0,10,30,80",2021-07-10,2021-07-16,0,95.25067806243896,4.403466731309891,0.2792377257719636,0.0666146632283926,2021-07-14,0,0,TRUE
v0.1.3,PSP26.07,2021-07-04,Cutler Hbr.,44.65701,-67.20525,"0,10,30,80",2021-07-08,2021-07-14,0,98.6687958240509,1.3085865415632725,0.0190261984243989,0.00358930228685494,2021-07-14,0,0,TRUE
v0.1.3,PSP26.15,2021-07-04,Lubec Channel,44.85891,-66.98028,"0,10,30,80",2021-07-08,2021-07-14,0,87.19965815544128,9.964890778064728,2.161474898457527,0.6739751901477575,2021-07-14,0.6761380808007154,0,TRUE
v0.1.3,PSP27.05,2021-07-14,Gove Pt.,44.90545,-67.05621,"0,10,30,80",2021-07-18,2021-07-24,0,97.50228524208067,2.397371828556061,0.08960491977632046,0.0107439853309188,2021-07-18,0,0,TRUE
v0.1.3,PSP19.15,2021-07-13,Stonington,44.15419,-68.65947,"0,10,30,80",2021-07-17,2021-07-23,0,97.99544215202332,1.96479931473732,0.03715512866619974,0.00259852549788774,2021-07-20,0,0,TRUE
v0.1.3,PSP19.12,2021-07-14,IAH Town Dock,44.0737,-68.64,"0,10,30,80",2021-07-18,2021-07-24,0,98.00236821174622,1.958371140062809,0.03670321602839976,0.002546198447817,2021-07-20,0,0,TRUE
v0.1.3,PSP21.09,2021-07-12,Bass Hbr.,44.23824,-68.34792,"0,10,30,80",2021-07-16,2021-07-22,0,97.98901081085204,1.970754191279411,0.03757400263566524,0.00264738264377228,2021-07-20,0,0,TRUE
v0.1.3,PSP27.46,2021-07-14,Gleason Cove,44.97084,-67.05254,"0,10,30,80",2021-07-18,2021-07-24,0,93.50910186767578,5.502453073859215,0.775653962045908,0.2127846237272024,2021-07-18,0,0,TRUE
v0.1.3,PSP19.13,2021-07-14,Duck Hbr.,44.0293,-68.65308,"0,10,30,80",2021-07-18,2021-07-24,0,97.67457246780396,2.2507647052407265,0.06781384581699967,0.00684370243106968,2021-07-20,0,0,TRUE
v0.1.3,PSP24.08,2021-07-14,Ripley Pt.,44.52198,-67.79233,"0,10,30,80",2021-07-18,2021-07-24,0,97.99428582191469,1.965782605111599,0.03730870084837079,0.00261689019680488,2021-07-19,0,0,TRUE
v0.1.3,PSP25.06,2021-07-14,Kelley Pt.,44.53205,-67.5655,"0,10,30,80",2021-07-18,2021-07-24,0,97.99407124519348,1.965989172458649,0.03732397453859448,0.00261867953668115,2021-07-19,0,0,TRUE
v0.1.3,PSP23.07,2021-07-14,Corea Hbr.,44.39319,-67.97628,"0,10,30,80",2021-07-18,2021-07-24,0,97.99571633338928,1.964469812810421,0.03720803069882095,0.00260512060776818,2021-07-19,0,0,TRUE
v0.1.3,PSP26.07,2021-07-14,Cutler Hbr.,44.65701,-67.20525,"0,10,30,80",2021-07-18,2021-07-24,0,97.98833727836607,1.9712207838892937,0.03776826779358089,0.00267112209257902,2021-07-18,0,0,TRUE
v0.1.3,PSP26.15,2021-07-14,Lubec Channel,44.85891,-66.98028,"0,10,30,80",2021-07-18,2021-07-24,0,95.07298469543456,4.6356793493032455,0.25915075093507767,0.0321784958941862,2021-07-18,0,0,TRUE
v0.1.3,PSP25.06,2021-07-19,Kelley Pt.,44.53205,-67.5655,"0,10,30,80",2021-07-23,2021-07-29,0,99.1093099117279,0.8820055052638054,0.00764514552429318,0.00104357377495034,2021-07-26,0,0,TRUE
v0.1.3,PSP10.33,2021-07-20,Spurwink River,43.56632,-70.27305,"0,10,30,80",2021-07-24,2021-07-30,0,98.63522052764893,1.3381021097302437,0.02318596380064264,0.00349379333783872,2021-07-27,0.2565018289302029,0,TRUE
v0.1.3,PSP10.11,2021-07-20,Ogunquit River,43.2503,-70.5954,"0,10,30,80",2021-07-24,2021-07-30,0,97.09171652793884,2.7889879420399666,0.1005434081889689,0.0187530429684557,2021-07-27,0,0,TRUE
v0.1.3,PSP23.07,2021-07-19,Corea Hbr.,44.39319,-67.97628,"0,10,30,80",2021-07-23,2021-07-29,0,99.11035299301147,0.8810014463961124,0.00760911934776231,0.00103654629128868,2021-07-26,0,0,TRUE
v0.1.3,PSP19.12,2021-07-20,IAH Town Dock,44.0737,-68.64,"0,10,30,80",2021-07-24,2021-07-30,0,99.1170048713684,0.874551385641098,0.00744125427445396,0.00100712377388845,2021-07-27,0,0,TRUE
v0.1.3,PSP12.13,2021-07-18,Lumbos Hole,43.79553,-69.94557,"0,10,30,80",2021-07-22,2021-07-28,0,96.78614139556883,3.034028969705105,0.14914674684405327,0.03067385114263743,2021-07-25,0.17579564599577774,0,TRUE
v0.1.3,PSP16.41,2021-07-19,Port Clyde,43.92526,-69.259,"0,10,30,80",2021-07-23,2021-07-29,0,99.11153316497804,0.8796937763690948,0.00770185724832117,0.00106200959635316,2021-07-26,0,0,TRUE
v0.1.3,PSP19.13,2021-07-20,Duck Hbr.,44.0293,-68.65308,"0,10,30,80",2021-07-24,2021-07-30,0,99.1172730922699,0.8742940612137318,0.00743182754376903,0.0010052822290163,2021-07-27,0,0,TRUE
v0.1.3,PSP12.34,2021-07-19,Head Beach,43.71711,-69.84999,"0,10,30,80",2021-07-23,2021-07-29,0,98.9222764968872,1.0633391328155994,0.01257700496353209,0.00180654242285527,2021-07-25,0,0,TRUE
v0.1.3,PSP12.01,2021-07-18,Basin Pt.,43.73848,-70.04343,"0,10,30,80",2021-07-22,2021-07-28,0,97.6152777671814,2.295282483100891,0.07539060316048563,0.0140425021527335,2021-07-25,0,0,TRUE
v0.1.3,PSP27.05,2021-07-18,Gove Pt.,44.90545,-67.05621,"0,10,30,80",2021-07-22,2021-07-28,0,99.10247325897215,0.8886359632015228,0.00782462957431562,0.00107557007140712,2021-07-25,0.7574550652972436,0,TRUE
v0.1.3,PSP26.15,2021-07-18,Lubec Channel,44.85891,-66.98028,"0,10,30,80",2021-07-22,2021-07-28,0,98.84809255599976,1.134731899946928,0.01497436169302091,0.00219908361032139,2021-07-25,1.2761645764442606,0,TRUE
v0.1.3,PSP12.28,2021-07-19,Bear Island,43.78556,-69.87415,"0,10,30,80",2021-07-23,2021-07-29,0,98.29026460647584,1.6722071915864944,0.0322752253850922,0.00524484203197062,2021-07-25,0.42190955038986655,0,TRUE
v0.1.3,PSP24.08,2021-07-19,Ripley Pt.,44.52198,-67.79233,"0,10,30,80",2021-07-23,2021-07-29,0,99.10949468612672,0.8818158879876137,0.00763858624850399,0.00104230757642653,2021-07-26,0,0,TRUE
v0.1.3,PSP27.46,2021-07-18,Gleason Cove,44.97084,-67.05254,"0,10,30,80",2021-07-22,2021-07-28,0,98.7766981124878,1.2031720019876957,0.01751637901179492,0.00260842098214197,2021-07-25,2.5564108453781973,0,TRUE
v0.1.3,PSP21.09,2021-07-20,Bass Hbr.,44.23824,-68.34792,"0,10,30,80",2021-07-24,2021-07-30,0,99.11564588546752,0.8756840601563454,0.00761867486289702,0.00104886184999486,2021-07-26,0,0,TRUE
v0.1.3,PSP15.25,2021-07-19,Christmas Cove Town Landing,43.84476,-69.55365,"0,10,30,80",2021-07-23,2021-07-29,0,99.112468957901,0.8787189610302448,0.00773604260757565,0.00107242949525243,2021-07-26,1.742956390473826,0,TRUE
v0.1.3,PSP12.03,2021-07-18,Potts Pt.,43.73064,-70.02556,"0,10,30,80",2021-07-22,2021-07-28,0,96.40538096427916,3.3647827804088593,0.18926258198916912,0.04058318445459008,2021-07-25,0.36688496893422223,0,TRUE
v0.1.3,PSP19.15,2021-07-20,Stonington,44.15419,-68.65947,"0,10,30,80",2021-07-24,2021-07-30,0,99.11624193191528,0.8751971647143364,0.00753297645132988,0.00102850672192289,2021-07-27,0,0,TRUE
v0.1.3,PSP26.07,2021-07-18,Cutler Hbr.,44.65701,-67.20525,"0,10,30,80",2021-07-22,2021-07-28,0,99.10326600074768,0.8878596127033234,0.00779496695031411,0.00106967636384069,2021-07-25,0,0,TRUE
v0.1.3,PSP21.09,2021-07-26,Bass Hbr.,44.23824,-68.34792,"0,10,30,80",2021-07-30,2021-08-05,0,99.01392459869383,0.967707857489586,0.01797978766262531,3.876891241816338e-4,2021-08-03,0,0,TRUE
v0.1.3,PSP25.06,2021-07-26,Kelley Pt.,44.53205,-67.5655,"0,10,30,80",2021-07-30,2021-08-05,0,99.01374578475952,0.9676617570221424,0.01818473974708467,4.004037691629492e-4,2021-08-02,0,0,TRUE
v0.1.3,PSP12.28,2021-07-25,Bear Island,43.78556,-69.87415,"0,10,30,80",2021-07-29,2021-08-04,0,97.86370992660522,2.0420346409082413,0.09035582770593464,0.00389423403248656,2021-08-01,0,0,TRUE
v0.1.3,PSP27.05,2021-07-25,Gove Pt.,44.90545,-67.05621,"0,10,30,80",2021-07-29,2021-08-04,0,97.6280927658081,2.267332188785076,0.10009374236688018,0.00448296450485941,2021-08-01,1.1185070896463714,0,TRUE
v0.1.3,PSP12.34,2021-07-25,Head Beach,43.71711,-69.84999,"0,10,30,80",2021-07-29,2021-08-04,0,99.01185631752014,0.969668198376894,0.01809976820368319,3.929948888981016e-4,2021-08-01,0,0,TRUE
v0.1.3,PSP12.03,2021-07-25,Potts Pt.,43.73064,-70.02556,"0,10,30,80",2021-07-29,2021-08-04,0,97.73532152175903,2.151479572057724,0.1080565620213747,0.00515130086569115,2021-08-01,0,0,TRUE
v0.1.3,PSP15.25,2021-07-26,Christmas Cove Town Landing,43.84476,-69.55365,"0,10,30,80",2021-07-30,2021-08-05,0,99.34613704681396,0.6433980539441109,0.01021778298309072,2.45779460783524e-4,2021-08-02,0,0,TRUE
v0.1.3,PSP26.07,2021-07-25,Cutler Hbr.,44.65701,-67.20525,"0,10,30,80",2021-07-29,2021-08-04,0,99.00686144828796,0.9741725400090218,0.01855175069067627,4.164160145592178e-4,2021-08-01,0,0,TRUE
v0.1.3,PSP27.46,2021-07-25,Gleason Cove,44.97084,-67.05254,"0,10,30,80",2021-07-29,2021-08-04,0,85.74044108390808,12.425198405981064,1.676938496530056,0.15742175746709108,2021-08-01,2.564852464189093,0,TRUE
v0.1.3,PSP10.11,2021-07-27,Ogunquit River,43.2503,-70.5954,"0,10,30,80",2021-07-31,2021-08-06,0,98.54620695114136,1.4052384532988071,0.04698343982454389,0.00157052145368652,2021-08-02,0,0,TRUE
v0.1.3,PSP19.13,2021-07-27,Duck Hbr.,44.0293,-68.65308,"0,10,30,80",2021-07-31,2021-08-06,0,99.02297854423524,0.9589401073753834,0.017706943617668,3.8013649827917106e-4,2021-08-03,0,0,TRUE
v0.1.3,PSP19.12,2021-07-27,IAH Town Dock,44.0737,-68.64,"0,10,30,80",2021-07-31,2021-08-06,0,99.0226984024048,0.959208607673645,0.0177218098542653,3.80764913643361e-4,2021-08-03,0,0,TRUE
v0.1.3,PSP19.15,2021-07-27,Stonington,44.15419,-68.65947,"0,10,30,80",2021-07-31,2021-08-06,0,99.02233481407166,0.959545001387596,0.01774112461134791,3.8159455471031833e-4,2021-08-03,0,0,TRUE
v0.1.3,PSP12.01,2021-07-25,Basin Pt.,43.73848,-70.04343,"0,10,30,80",2021-07-29,2021-08-04,0,98.76410365104675,1.2032308615744114,0.03176047757733613,9.042946658155416e-4,2021-08-01,0,0,TRUE
v0.1.3,PSP24.08,2021-07-26,Ripley Pt.,44.52198,-67.79233,"0,10,30,80",2021-07-30,2021-08-05,0,99.0140736103058,0.9673534892499448,0.0181703406269662,3.998361080448376e-4,2021-08-02,0,0,TRUE
v0.1.3,PSP12.13,2021-07-25,Lumbos Hole,43.79553,-69.94557,"0,10,30,80",2021-07-29,2021-08-04,0,98.28383922576904,1.6515498980879784,0.06226277910172939,0.00235660372709389,2021-08-01,0,0,TRUE
v0.1.3,PSP16.41,2021-07-26,Port Clyde,43.92526,-69.259,"0,10,30,80",2021-07-30,2021-08-05,0,99.0176260471344,0.9639830328524112,0.01799503952497616,3.925443252228433e-4,2021-08-02,0,0,TRUE
v0.1.3,PSP23.07,2021-07-26,Corea Hbr.,44.39319,-67.97628,"0,10,30,80",2021-07-30,2021-08-05,0,99.01506900787354,0.9664089418947696,0.01811968249967321,3.9769302020431496e-4,2021-08-02,0,0,TRUE
v0.1.3,PSP26.15,2021-07-25,Lubec Channel,44.85891,-66.98028,"0,10,30,80",2021-07-29,2021-08-04,0,96.19618058204652,3.5564612597227097,0.23321586195379496,0.01413731952197849,2021-08-01,1.7163298444573634,0,TRUE
v0.1.3,PSP10.33,2021-07-27,Spurwink River,43.56632,-70.27305,"0,10,30,80",2021-07-31,2021-08-06,0,98.61640334129332,1.3478395529091358,0.03478503203950822,9.79989727056818e-4,2021-08-03,0,0,TRUE
v0.1.3,PSP24.08,2021-08-02,Ripley Pt.,44.52198,-67.79233,"0,10,30,80",2021-08-06,2021-08-12,0,98.47739934921265,1.5113834291696548,0.01067391131073236,5.517902081919601e-4,2021-08-09,0,0,TRUE
v0.1.3,PSP12.28,2021-08-01,Bear Island,43.78556,-69.87415,"0,10,30,80",2021-08-05,2021-08-11,0,98.26263189315796,1.719876006245613,0.01652477367315441,9.582169695931952e-4,2021-08-09,0,0,TRUE
v0.1.3,PSP10.33,2021-08-03,Spurwink River,43.56632,-70.27305,"0,10,30,80",2021-08-07,2021-08-13,0,98.3708679676056,1.6149168834090233,0.01348853402305394,7.302688572963234e-4,2021-08-10,0,0,TRUE
v0.1.3,PSP19.13,2021-08-03,Duck Hbr.,44.0293,-68.65308,"0,10,30,80",2021-08-07,2021-08-13,0,98.49713444709778,1.492054108530283,0.01029476552503183,5.21307219969458e-4,2021-08-10,0,0,TRUE
v0.1.3,PSP12.13,2021-08-01,Lumbos Hole,43.79553,-69.94557,"0,10,30,80",2021-08-05,2021-08-11,0,98.38165044784546,1.6045702621340752,0.01306462218053639,7.12659220880596e-4,2021-08-09,0,0,TRUE
v0.1.3,PSP25.06,2021-08-02,Kelley Pt.,44.53205,-67.5655,"0,10,30,80",2021-08-06,2021-08-12,0,98.4765648841858,1.512192469090223,0.0106898762169294,5.53037762074382e-4,2021-08-09,0,0,TRUE
v0.1.3,PSP19.12,2021-08-03,IAH Town Dock,44.0737,-68.64,"0,10,30,80",2021-08-07,2021-08-13,0,98.49655628204346,1.4926182106137276,0.0103057267551776,5.221957962930901e-4,2021-08-10,0,0,TRUE
v0.1.3,PSP26.07,2021-08-01,Cutler Hbr.,44.65701,-67.20525,"0,10,30,80",2021-08-05,2021-08-11,0,98.461252450943,1.52718648314476,0.01099044238799251,5.776952093583532e-4,2021-08-08,0,0,TRUE
v0.1.3,PSP12.01,2021-08-01,Basin Pt.,43.73848,-70.04343,"0,10,30,80",2021-08-05,2021-08-11,0,98.47694635391235,1.5118247829377651,0.01068334313458763,5.528880592464702e-4,2021-08-09,0,0,TRUE
v0.1.3,PSP10.11,2021-08-02,Ogunquit River,43.2503,-70.5954,"0,10,30,80",2021-08-06,2021-08-12,0,98.49300384521484,1.4961021952331066,0.01036684407154098,5.239068286755355e-4,2021-08-09,0,0,TRUE
v0.1.3,PSP27.46,2021-08-01,Gleason Cove,44.97084,-67.05254,"0,10,30,80",2021-08-05,2021-08-11,0,87.515789270401,9.702251851558684,2.159467153251171,0.6225021090358496,2021-08-08,2.2376501773963837,0,TRUE
v0.1.3,PSP26.15,2021-08-01,Lubec Channel,44.85891,-66.98028,"0,10,30,80",2021-08-05,2021-08-11,0,92.68105030059814,6.454402208328247,0.72582783177495,0.13872854178771377,2021-08-08,1.1111916332435288,0,TRUE
v0.1.3,PSP21.09,2021-08-03,Bass Hbr.,44.23824,-68.34792,"0,10,30,80",2021-08-07,2021-08-13,0,98.494291305542,1.4948217198252678,0.01035569512168876,5.296185008774046e-4,2021-08-09,0,0,TRUE
v0.1.3,PSP23.07,2021-08-02,Corea Hbr.,44.39319,-67.97628,"0,10,30,80",2021-08-06,2021-08-12,0,98.47965240478516,1.5091710723936558,0.01063009767676703,5.482600499817636e-4,2021-08-09,0,0,TRUE
v0.1.3,PSP12.03,2021-08-01,Potts Pt.,43.73064,-70.02556,"0,10,30,80",2021-08-05,2021-08-11,0,98.2885241508484,1.6948496922850609,0.0157267102622427,9.000793397717644e-4,2021-08-09,0,0,TRUE
v0.1.3,PSP19.15,2021-08-03,Stonington,44.15419,-68.65947,"0,10,30,80",2021-08-07,2021-08-13,0,98.49579334259032,1.493354793637991,0.01032008440233767,5.233553565631155e-4,2021-08-10,0,0,TRUE
v0.1.3,PSP27.05,2021-08-01,Gove Pt.,44.90545,-67.05621,"0,10,30,80",2021-08-05,2021-08-11,0,95.24684548377992,4.477356746792793,0.24269777350127697,0.03309987077955156,2021-08-08,1.1574912846286758,0,TRUE
v0.1.3,PSP15.25,2021-08-02,Christmas Cove Town Landing,43.84476,-69.55365,"0,10,30,80",2021-08-06,2021-08-12,0,98.28144311904909,1.7055917531251907,0.01257804979104548,3.9158858271548e-4,2021-08-08,0,0,TRUE
v0.1.3,PSP16.41,2021-08-02,Port Clyde,43.92526,-69.259,"0,10,30,80",2021-08-06,2021-08-12,0,98.48551154136658,1.5034284442663193,0.01051707367878407,5.392431376094464e-4,2021-08-08,0,0,TRUE
v0.1.3,PSP12.34,2021-08-01,Head Beach,43.71711,-69.84999,"0,10,30,80",2021-08-05,2021-08-11,0,98.47807884216309,1.5107136219739914,0.01066126860678196,5.510872142622247e-4,2021-08-09,0,0,TRUE
v0.1.3,PSP25.06,2021-08-09,Kelley Pt.,44.53205,-67.5655,"0,10,30,80",2021-08-13,2021-08-19,0,98.92886877059937,1.0628508403897283,0.00769499674788676,5.849443823535694e-4,2021-08-16,0,0,TRUE
v0.1.3,PSP21.09,2021-08-09,Bass Hbr.,44.23824,-68.34792,"0,10,30,80",2021-08-13,2021-08-19,0,98.93614649772644,1.055757701396942,0.00752215055399574,5.679038167727413e-4,2021-08-16,0,0,TRUE
v0.1.3,PSP27.46,2021-08-08,Gleason Cove,44.97084,-67.05254,"0,10,30,80",2021-08-12,2021-08-18,0,91.388338804245,7.1983762085437775,1.1566286906599998,0.2566474722698331,2021-08-15,1.0304188718596583,0,TRUE
v0.1.3,PSP26.15,2021-08-08,Lubec Channel,44.85891,-66.98028,"0,10,30,80",2021-08-12,2021-08-18,0,95.48102021217346,4.198767617344856,0.2759515307843685,0.0442646472947672,2021-08-15,0,0,TRUE
v0.1.3,PSP21.09,2021-08-16,Bass Hbr.,44.23824,-68.34792,"0,10,30,80",2021-08-20,2021-08-26,0,98.68419766426086,1.3071424327790735,0.008386551780859,2.654619265740621e-4,2021-08-23,0,0,TRUE
v0.1.3,PSP25.06,2021-08-16,Kelley Pt.,44.53205,-67.5655,"0,10,30,80",2021-08-20,2021-08-26,0,98.67728352546692,1.3139240443706512,0.00852283410495147,2.7243406748311827e-4,2021-08-23,0,0,TRUE
v0.1.3,PSP27.46,2021-08-15,Gleason Cove,44.97084,-67.05254,"0,10,30,80",2021-08-19,2021-08-25,0,95.21143436431883,4.554303735494614,0.216583046130836,0.01768405054463073,2021-08-22,0,0,TRUE
v0.1.3,PSP26.15,2021-08-15,Lubec Channel,44.85891,-66.98028,"0,10,30,80",2021-08-19,2021-08-25,0,98.38584065437315,1.596945337951183,0.01657980174059048,6.389976988430135e-4,2021-08-22,0,0,TRUE
